registered,cnt
124,166
29,32
165,170
213,358
247,280
7,12
148,203
177,328
238,397
218,311
22,33
23,24
18,27
210,305
149,181
539,611
157,235
262,371
226,272
83,95
47,51
144,181
620,715
186,222
84,131
123,145
455,469
26,30
148,284
5,5
161,175
77,98
127,199
192,270
187,256
365,452
242,310
131,167
125,148
43,53
52,62
53,57
61,65
106,133
497,591
70,93
14,20
4,4
189,229
234,251
31,39
4,6
24,24
119,148
196,242
248,325
7,9
196,436
442,527
67,73
142,185
384,404
34,36
79,87
405,540
39,47
709,785
258,381
248,281
62,80
55,90
82,117
76,98
28,32
80,85
310,315
150,157
47,63
77,129
7,7
215,373
108,119
252,265
62,68
320,365
164,214
122,135
2,2
284,313
19,22
117,151
433,500
62,74
188,218
225,277
195,236
240,320
99,106
115,168
89,100
25,30
87,92
332,463
71,90
367,584
91,93
808,838
378,385
105,114
10,12
142,151
318,392
93,93
33,35
242,310
282,499
8,8
404,654
628,738
64,72
11,18
237,256
276,451
618,661
27,40
45,54
85,90
121,169
155,161
17,17
1,1
104,212
6,7
248,354
61,72
335,389
1,1
378,581
91,95
10,14
1,1
271,403
184,198
82,93
118,120
8,16
436,662
205,237
1,1
16,19
51,55
329,336
21,22
347,440
598,613
91,96
9,9
202,234
79,100
107,131
76,88
598,699
604,646
115,123
199,294
44,44
242,323
188,196
67,79
222,237
399,407
61,64
6,6
205,222
237,371
12,13
187,213
95,102
5,5
105,131
4,4
225,271
62,70
75,88
51,56
214,237
114,123
11,11
227,326
139,186
141,177
172,309
230,286
303,428
206,285
176,188
95,125
105,138
32,41
618,698
3,3
156,202
164,232
58,60
135,151
13,13
176,194
120,161
129,162
223,317
7,8
176,355
111,133
151,160
175,190
299,353
42,44
127,145
120,134
10,11
469,482
47,63
111,129
325,378
51,55
14,16
30,45
716,823
183,222
360,466
6,6
100,117
161,251
155,170
203,210
86,94
202,204
215,244
211,285
207,241
13,20
1,2
51,60
66,107
78,84
28,40
189,237
4,7
222,271
41,51
222,290
138,145
166,202
207,227
67,73
150,203
95,107
354,424
589,664
186,247
167,361
225,396
478,503
137,160
7,10
3,5
170,213
36,46
3,3
312,520
61,64
543,631
116,124
39,39
111,157
48,64
307,543
109,150
159,184
229,485
143,164
437,454
38,44
21,21
297,368
14,17
151,183
280,369
280,289
198,206
100,121
329,398
16,17
22,22
339,449
116,170
5,5
270,404
324,349
6,8
155,163
24,30
65,71
8,13
1,1
102,132
200,209
177,224
5,7
74,85
498,507
256,327
192,327
22,23
3,4
20,26
224,332
8,9
83,90
319,453
123,146
31,35
11,16
42,51
213,284
92,102
52,63
537,609
34,37
96,112
139,183
77,79
201,253
143,187
96,122
312,387
358,649
278,455
157,178
321,388
132,152
31,31
121,161
297,412
145,200
619,730
12,13
378,640
178,349
33,48
113,153
26,26
110,135
6,6
135,174
50,68
15,16
115,121
79,93
59,66
405,482
34,34
220,253
137,164
22,24
360,424
172,177
133,192
123,154
135,154
73,98
87,95
224,251
156,197
264,337
2,2
149,231
107,151
156,190
363,451
167,236
222,250
21,28
113,163
237,310
252,271
212,357
74,83
169,192
26,34
164,180
124,182
192,256
180,239
385,420
8,10
353,380
191,274
581,595
25,26
77,85
35,35
5,5
98,109
397,442
208,326
193,232
201,219
7,9
68,109
433,486
465,532
5,6
507,572
221,237
268,345
394,492
58,63
228,285
39,41
177,198
7,7
112,162
12,16
59,70
229,246
366,691
299,335
99,126
681,719
232,362
244,314
157,174
234,252
1,6
64,96
207,221
84,89
53,72
198,199
150,153
56,81
145,170
211,242
262,294
143,226
274,336
132,148
372,380
8,8
6,6
149,170
229,331
233,245
857,948
703,744
265,342
174,240
222,274
224,337
164,176
254,280
135,174
104,118
58,67
123,151
120,124
3,7
42,44
218,220
137,160
152,190
5,5
5,11
19,21
117,120
794,884
81,98
55,81
534,566
271,310
446,460
240,280
388,450
59,61
117,149
172,250
182,196
1,1
214,304
161,171
289,293
202,230
289,357
315,499
67,89
62,76
580,632
2,2
103,119
128,136
23,23
64,97
2,2
43,48
2,2
145,201
174,239
199,235
121,157
14,20
39,44
176,236
95,126
156,186
3,3
188,204
134,174
220,282
112,131
303,347
48,51
20,23
10,12
154,155
104,104
82,118
275,452
363,632
11,12
201,220
116,126
28,47
58,66
149,192
111,126
116,120
39,39
139,261
3,3
30,34
361,387
280,289
16,19
148,153
273,279
2,2
283,366
19,20
280,297
6,10
358,411
7,9
33,36
118,132
119,138
193,244
72,82
12,16
186,270
177,238
107,140
362,388
352,543
89,116
10,11
6,8
557,644
312,332
209,299
126,144
691,738
147,152
5,9
38,44
223,338
253,326
338,350
42,56
286,299
260,404
102,125
405,455
428,479
170,187
136,160
148,148
164,218
79,106
170,198
10,14
92,102
312,390
30,35
107,111
153,217
61,63
22,24
311,417
41,53
2,3
9,9
270,420
317,381
82,91
276,316
43,48
101,122
132,140
99,101
5,5
401,418
21,28
75,112
599,664
193,224
195,209
121,123
58,74
32,32
64,85
1,2
251,372
408,459
370,618
52,56
217,220
124,133
224,268
5,10
16,16
90,122
2,2
122,136
53,62
157,209
243,268
135,145
4,9
191,204
36,38
180,209
92,107
134,279
12,14
4,7
3,3
81,125
80,95
134,198
6,6
16,16
311,322
428,483
168,208
582,622
94,121
312,511
243,351
284,300
141,196
8,10
440,467
13,14
36,41
35,37
369,455
338,357
123,146
8,10
2,2
8,10
6,7
89,113
2,2
163,218
82,108
726,757
430,536
5,6
60,71
134,142
383,433
133,180
54,67
11,11
46,58
225,305
110,154
68,89
1,4
491,556
131,164
185,248
126,135
95,151
111,129
5,5
120,163
9,9
234,249
200,214
47,52
138,182
402,472
3,3
315,369
97,121
161,247
21,25
503,586
1,1
179,339
720,788
73,82
157,186
355,371
334,388
52,60
280,461
108,136
68,72
31,34
146,223
133,181
168,242
259,267
34,46
369,644
4,5
2,3
7,13
28,31
5,6
419,494
246,293
159,310
94,136
88,94
162,188
107,178
82,104
197,283
72,89
98,99
204,213
127,131
145,239
166,195
43,54
243,321
377,396
366,436
1,1
602,680
2,2
425,456
6,8
3,3
169,190
417,505
139,190
6,6
151,186
565,614
8,11
13,13
107,180
200,353
81,85
35,55
119,142
115,134
205,251
21,27
7,10
36,43
140,167
73,90
17,17
412,425
186,224
443,750
10,11
60,70
267,284
11,11
10,10
357,564
53,72
22,26
1,1
3,3
4,4
246,426
99,103
16,21
386,421
115,124
257,274
14,17
64,71
253,444
196,216
41,56
257,282
155,161
215,242
70,81
6,7
27,39
775,869
204,292
155,176
199,205
79,98
329,400
106,123
100,155
71,72
331,413
160,189
5,7
27,27
206,209
696,728
235,243
29,29
11,14
110,147
220,250
176,190
232,241
25,30
5,5
222,364
474,694
163,275
83,127
5,7
393,405
4,4
449,464
74,83
50,59
3,3
109,146
673,781
5,5
96,98
22,28
247,323
239,363
273,304
52,58
49,52
89,90
22,31
212,385
172,186
184,408
72,72
73,115
110,153
205,276
49,76
112,135
324,386
256,417
347,658
43,67
139,162
220,288
19,27
124,135
258,297
94,104
9,11
327,375
178,179
648,746
239,254
461,482
23,31
4,4
50,57
3,3
13,17
664,705
4,4
113,154
105,148
213,289
69,70
127,130
131,147
1,2
48,58
163,167
40,44
332,482
52,62
191,230
406,491
681,801
491,682
136,144
699,805
48,55
12,13
123,143
23,26
426,440
8,8
70,92
61,80
670,766
1,1
110,147
11,12
202,235
271,462
175,266
186,261
4,8
95,103
248,258
9,9
18,18
141,161
43,43
255,365
270,327
60,82
4,4
99,135
50,59
225,270
71,87
14,15
127,140
83,87
266,296
198,229
29,31
238,358
391,441
8,9
150,199
40,45
83,87
100,103
10,11
23,24
78,87
4,6
16,17
9,10
133,142
223,382
320,378
10,16
132,142
149,164
277,286
217,308
116,116
309,478
0,1
52,61
36,45
170,238
9,9
346,387
153,156
88,97
73,77
377,704
314,554
361,374
13,18
164,169
3,3
10,17
79,134
292,338
179,311
453,461
50,51
133,196
207,216
381,386
79,86
3,4
255,271
18,19
7,15
266,272
149,177
5,9
5,5
6,6
64,78
173,276
168,271
66,77
112,178
9,9
226,257
53,66
81,102
253,364
16,16
207,284
258,445
134,196
291,497
132,135
111,155
39,44
4,5
39,41
22,27
140,154
20,23
425,750
275,468
25,27
207,280
20,21
3,4
24,28
397,466
78,95
138,161
256,377
27,38
280,292
145,221
5,13
225,284
33,35
247,317
438,516
197,217
31,33
90,94
219,237
13,14
14,14
292,307
119,126
144,175
50,53
376,427
83,94
733,806
270,276
107,108
252,282
34,44
393,446
245,272
75,91
18,26
89,161
215,274
146,173
165,196
90,125
83,106
505,520
137,144
369,402
28,28
10,10
478,546
43,48
580,601
16,19
232,374
267,504
6,8
43,47
279,404
149,213
10,12
83,86
311,334
234,333
141,168
205,268
181,232
5,5
149,176
189,286
90,93
149,159
275,282
189,221
420,594
159,184
111,114
102,103
150,162
75,80
85,141
4,6
5,5
114,116
64,75
127,147
4,4
694,743
130,146
243,338
111,199
10,17
14,22
209,302
189,305
186,202
333,353
105,137
8,8
83,130
48,67
106,109
127,165
1,1
4,4
32,46
360,616
4,4
291,358
153,211
242,302
2,2
11,12
9,17
63,79
9,11
45,57
26,29
467,533
4,4
3,3
11,11
256,305
212,245
105,157
27,34
90,113
158,265
26,31
195,237
10,11
113,136
86,116
19,24
7,7
111,157
240,315
18,41
161,223
34,44
40,44
156,170
308,339
484,508
4,5
157,240
211,316
241,274
6,6
7,13
6,7
245,367
101,112
104,114
118,131
2,2
30,35
223,370
72,76
79,84
188,224
84,92
32,34
54,57
161,250
449,459
354,402
141,148
45,50
16,17
4,6
235,245
209,370
12,18
381,398
228,233
71,79
42,43
135,158
21,41
126,186
1,3
6,6
244,252
46,48
143,176
480,530
103,156
757,833
42,45
551,583
45,48
20,26
244,495
103,147
48,61
70,87
75,79
45,46
57,63
238,268
388,454
700,743
78,99
30,30
93,171
349,364
3,4
207,210
214,217
147,154
311,642
139,190
758,822
6,7
86,109
69,97
176,207
95,123
1,2
269,570
6,6
28,37
6,7
418,429
68,89
183,233
461,567
131,167
791,856
3,4
1,1
236,307
107,116
49,59
10,10
419,502
114,140
260,336
116,129
340,427
75,83
3,3
166,181
1,1
336,376
86,95
106,108
9,9
63,73
4,8
100,184
130,156
66,68
59,71
134,156
679,790
12,12
253,312
117,193
159,169
8,9
410,492
38,45
115,161
315,534
252,309
185,254
185,190
187,239
26,32
106,114
356,371
103,112
9,13
17,21
72,90
25,30
276,280
170,197
206,218
148,325
198,259
79,95
5,6
164,204
75,83
486,538
211,273
89,91
1,1
10,17
90,118
18,31
203,312
26,26
153,189
14,15
11,11
80,118
152,185
122,159
396,421
184,188
169,175
190,268
16,20
216,266
1,1
32,35
577,604
308,341
466,545
4,4
46,52
137,170
361,390
182,203
16,18
441,486
5,6
163,187
62,63
412,520
141,175
183,233
68,69
349,408
11,11
43,46
17,22
118,129
39,48
230,451
527,589
191,229
444,491
9,9
489,569
504,517
23,43
28,29
445,513
123,131
14,16
145,191
199,283
33,36
6,8
13,13
9,10
91,109
263,342
470,487
535,615
211,229
3,7
125,137
181,209
221,310
141,162
450,760
39,46
81,88
34,36
19,32
149,182
144,156
56,65
366,626
48,52
80,107
414,460
55,67
230,271
158,179
97,100
148,158
3,5
125,139
429,465
471,502
52,66
2,2
199,271
170,181
173,255
17,22
278,333
414,491
157,204
150,164
9,13
2,3
111,153
4,4
71,90
41,52
99,118
103,112
139,176
37,54
343,496
24,24
247,329
516,576
561,610
31,42
67,78
197,223
59,84
364,443
41,104
237,290
302,319
50,53
742,827
93,138
286,334
4,5
646,741
17,23
5,6
237,332
3,3
97,128
163,217
4,8
299,321
170,253
118,167
341,569
92,123
134,176
139,178
31,35
6,7
296,358
176,202
70,73
59,77
46,56
478,495
3,4
232,252
254,258
43,86
240,297
123,165
303,319
467,522
495,565
25,26
46,59
33,49
203,317
76,80
134,170
231,291
107,109
18,22
256,328
542,643
302,332
15,15
370,382
18,24
189,230
653,684
206,295
103,140
120,135
48,65
5,5
255,396
357,412
96,128
176,241
3,3
182,193
3,3
237,321
66,76
168,228
224,235
154,192
93,99
220,265
97,135
11,15
51,52
138,180
51,52
105,116
342,368
210,288
184,251
244,273
104,159
154,241
680,710
155,197
19,19
604,638
65,72
219,288
175,182
20,21
115,127
248,339
19,26
127,142
99,108
123,138
31,39
214,315
326,509
216,227
150,157
4,11
183,237
10,10
11,16
64,64
150,157
306,329
56,58
153,194
75,77
26,34
473,498
12,19
53,60
77,101
537,633
229,432
209,221
358,402
17,19
308,407
280,313
79,91
464,537
138,162
112,147
7,9
313,354
207,335
212,216
135,152
177,227
71,72
298,319
235,283
225,236
49,63
56,65
54,59
82,99
168,202
27,27
104,110
328,346
28,31
183,226
42,54
18,22
15,17
23,24
15,17
288,328
181,230
383,410
214,335
235,315
14,14
15,17
265,305
198,215
265,275
150,224
242,253
67,79
54,68
70,104
69,74
296,445
81,88
184,187
55,66
130,158
228,283
163,183
546,585
87,118
83,129
9,14
98,153
60,66
167,249
491,572
251,343
554,612
133,150
149,159
131,189
256,260
189,274
183,230
5,6
227,376
327,582
303,356
1,1
186,207
749,851
119,129
262,273
161,223
68,71
300,337
279,306
275,307
4,4
27,28
393,401
45,46
88,91
17,24
253,283
409,418
49,49
7,10
120,190
193,211
112,144
278,356
55,56
42,45
33,42
130,185
229,314
331,448
142,184
250,363
669,755
205,236
514,527
343,356
232,333
13,13
82,97
216,220
15,19
249,267
181,200
316,323
51,54
323,358
63,68
50,61
35,41
23,33
175,211
205,314
66,68
407,464
11,12
417,458
262,323
3,3
148,203
232,261
369,591
152,236
323,466
4,6
46,47
68,96
292,336
247,257
46,46
152,213
22,28
3,3
546,563
260,278
143,232
254,399
5,5
8,8
1,1
135,158
120,156
50,81
229,352
347,614
22,26
433,783
231,346
21,21
189,260
188,225
49,50
9,11
457,526
15,15
221,309
154,179
2,4
124,138
112,113
305,315
6,9
198,239
37,44
320,347
183,288
145,177
22,23
136,179
24,31
115,138
63,75
56,61
87,115
36,40
506,526
138,177
172,179
6,8
74,79
82,87
299,412
4,9
377,404
209,234
3,3
260,337
247,470
9,11
56,88
240,251
91,145
13,15
4,4
54,62
14,35
184,206
210,235
43,50
259,457
2,2
18,23
7,9
781,900
63,64
174,211
17,20
240,292
269,456
204,210
121,154
196,326
365,380
301,327
93,135
144,147
22,27
1,1
152,206
7,9
69,81
520,537
137,151
85,106
8,9
432,449
142,154
35,36
242,272
119,204
3,7
63,71
57,58
32,42
235,350
4,4
85,116
34,34
757,839
241,252
187,225
3,4
78,106
172,349
7,7
9,11
60,61
369,431
561,669
149,176
188,317
4,4
8,9
2,2
130,154
4,4
364,388
26,35
95,105
173,408
28,29
49,57
110,167
229,277
39,39
413,481
251,299
316,672
247,327
2,2
181,216
13,21
201,208
75,93
118,191
104,121
59,68
46,55
146,231
155,238
58,61
198,233
6,8
109,170
236,282
130,201
272,306
86,86
8,18
9,32
220,261
625,657
388,425
42,45
130,179
198,255
3,4
152,191
697,835
122,141
291,377
102,121
53,78
200,248
3,3
180,263
241,382
348,493
7,14
29,31
256,305
8,11
94,95
180,219
224,290
15,16
260,434
338,346
5,5
112,130
76,83
197,217
76,81
92,92
34,35
100,147
282,302
262,308
252,474
17,18
108,142
175,181
11,16
21,23
157,165
362,654
400,666
176,239
161,172
190,205
327,491
1,1
42,43
11,12
50,59
114,153
3,3
124,163
156,180
37,39
4,4
6,6
66,72
467,555
514,534
177,282
168,239
51,52
92,108
4,5
611,691
1,3
129,202
213,226
3,4
358,402
37,48
472,539
358,381
161,185
65,69
175,201
124,177
424,686
49,56
126,136
252,334
35,36
489,528
7,9
3,5
247,369
168,195
236,261
183,322
108,117
162,343
151,211
5,5
70,76
27,29
104,116
49,63
193,317
221,331
238,316
247,387
130,171
91,94
125,178
89,112
1,1
133,281
35,36
350,546
397,426
12,12
129,198
87,119
278,289
123,136
106,111
152,177
247,261
85,112
25,39
142,263
331,387
254,316
426,454
16,23
5,5
408,463
144,206
11,11
4,10
4,5
576,723
408,419
35,40
445,513
148,163
220,230
329,347
320,364
266,286
563,573
432,455
3,3
320,392
55,62
135,149
40,50
8,8
74,97
267,336
39,55
50,60
206,260
178,205
6,8
757,854
86,103
5,7
11,11
101,120
3,3
363,365
102,118
39,50
18,26
9,9
12,15
199,209
77,88
178,260
177,264
141,337
143,156
294,304
218,322
2,2
115,119
143,206
118,122
132,194
237,271
779,817
207,225
216,219
647,749
9,13
209,221
227,251
188,210
2,2
245,322
713,737
25,28
192,252
58,61
9,9
188,234
170,223
189,224
238,318
85,142
314,434
11,12
437,691
121,164
73,92
16,17
541,563
84,115
8,13
26,26
79,93
200,240
160,225
135,186
91,99
12,15
18,18
31,37
7,11
104,148
193,300
253,409
6,7
3,4
99,167
270,281
169,181
1,1
144,226
126,157
137,139
176,248
79,103
1,3
194,263
198,242
552,640
94,106
464,517
30,36
201,267
137,225
488,499
5,6
67,73
2,2
179,256
11,12
2,5
125,136
51,57
155,218
29,29
168,216
2,2
304,365
228,241
10,17
100,126
6,14
29,33
159,239
216,408
342,522
23,28
48,51
10,15
4,5
50,66
0,1
475,539
325,370
128,162
36,55
16,19
298,331
141,151
146,170
6,10
85,102
139,179
189,224
4,4
19,21
396,423
203,247
179,267
6,6
127,135
136,144
162,226
137,161
117,154
11,12
420,476
140,185
20,20
48,53
180,233
135,173
19,19
65,90
381,414
64,79
194,210
226,254
187,196
188,287
563,590
302,483
383,628
166,182
225,230
5,5
404,438
144,232
309,317
71,75
188,295
202,228
5,5
204,220
486,551
142,220
95,95
64,93
218,228
614,676
5,6
323,382
80,102
38,54
8,14
49,52
23,41
265,299
161,212
206,254
86,98
7,7
51,64
325,498
135,145
315,523
80,95
6,8
231,241
10,10
533,572
135,177
231,268
10,11
318,346
350,417
156,188
203,331
45,54
176,292
205,241
3,4
273,330
768,848
130,145
366,369
212,442
13,19
172,208
26,26
97,100
27,40
192,226
427,482
249,413
232,288
67,68
150,166
9,10
161,181
22,25
8,8
385,470
43,47
10,11
473,686
341,512
125,152
31,45
113,145
213,251
372,653
560,633
201,255
310,414
99,102
56,64
283,320
75,111
293,299
36,38
261,283
393,412
166,205
135,139
8,10
18,25
120,138
327,396
171,204
112,114
300,467
251,350
40,41
100,142
57,77
171,193
3,3
4,5
180,286
192,410
137,217
182,229
17,21
79,79
101,106
201,323
5,6
1,2
25,34
285,304
97,114
312,403
572,693
33,38
5,5
410,469
100,128
343,382
4,5
121,150
143,165
170,217
88,91
360,417
116,130
218,246
100,128
256,437
255,432
21,34
268,401
429,479
202,343
42,45
9,10
138,191
20,29
182,233
9,10
179,258
155,204
2,2
719,804
2,2
5,6
10,11
88,145
304,542
4,5
564,613
23,30
42,48
2,2
72,91
211,284
177,185
73,84
136,153
50,60
73,104
168,222
76,87
239,297
136,251
4,6
86,98
221,223
95,157
3,3
111,136
6,6
24,24
194,274
59,86
10,11
513,606
3,5
155,193
94,104
308,494
117,117
117,163
66,70
153,214
96,99
347,434
459,468
113,125
5,8
179,251
239,276
22,25
201,264
529,612
237,297
86,93
4,4
58,76
19,29
76,87
53,56
1,2
270,404
20,21
136,159
26,45
21,28
270,413
71,106
744,845
162,206
4,6
206,324
297,321
37,42
31,33
172,269
81,89
79,108
193,418
23,24
71,78
308,386
342,505
176,380
263,273
144,162
206,248
136,165
178,201
344,382
13,16
168,182
278,561
3,5
55,71
492,571
669,723
515,540
380,575
21,25
80,87
288,643
14,17
14,15
15,18
19,19
35,36
166,194
16,18
175,199
2,2
284,340
7,18
57,65
18,35
234,338
4,8
73,101
12,16
49,49
5,5
659,729
213,320
43,78
150,175
33,35
21,27
182,185
69,72
17,19
152,161
101,116
186,231
72,86
203,293
57,78
190,206
193,228
172,176
104,243
90,90
185,193
55,68
577,644
38,40
123,175
26,29
199,254
77,80
96,143
44,55
28,40
53,55
87,90
4,4
22,26
241,310
4,4
3,4
124,155
119,158
386,399
484,565
43,47
62,71
368,507
194,251
202,270
142,164
6,8
88,104
76,90
335,406
210,265
3,5
19,30
41,53
4,7
172,233
160,314
20,22
4,6
73,133
96,132
218,282
328,355
124,136
164,171
5,5
88,142
393,407
130,137
219,414
352,359
35,46
159,234
11,16
27,33
351,355
180,214
236,293
127,151
96,111
115,149
21,37
122,153
5,6
2,5
5,9
89,114
204,227
373,638
38,47
726,831
112,142
408,437
5,5
358,467
3,4
23,26
7,7
153,166
134,146
84,114
94,105
337,482
39,54
282,437
511,555
114,152
93,129
442,463
139,175
328,374
145,185
240,289
15,15
451,646
2,2
37,40
17,23
198,224
83,86
137,141
46,51
59,70
1,1
206,217
33,42
6,7
77,119
334,421
228,294
8,16
649,665
544,564
115,141
178,275
174,201
119,153
178,241
21,31
18,18
175,234
49,50
97,103
327,341
101,138
164,194
118,126
70,86
261,353
5,6
94,124
4,6
245,297
127,151
179,224
218,274
88,89
66,90
3,3
231,343
138,151
125,174
553,625
399,446
28,35
492,548
68,73
287,298
8,13
68,80
41,41
218,259
432,479
53,56
381,409
190,223
17,21
540,620
37,43
45,47
260,328
58,60
74,117
138,198
17,18
20,23
122,184
180,211
26,29
90,98
2,2
180,221
82,87
18,25
242,351
5,7
24,29
290,321
1,1
480,555
66,69
74,75
166,188
405,702
14,16
36,43
461,476
8,8
4,4
78,79
8,10
41,60
4,4
198,340
7,8
2,2
246,288
560,654
48,56
63,84
137,169
76,79
143,241
248,282
184,190
292,518
202,322
282,372
49,54
252,270
144,188
449,474
25,25
16,30
642,671
178,259
3,3
55,58
22,26
41,49
23,23
5,16
32,50
227,465
154,193
417,454
203,228
355,409
615,662
238,267
10,11
758,784
329,532
14,16
164,199
351,569
84,87
54,70
63,64
38,39
10,16
88,88
145,159
167,173
213,315
46,52
27,29
2,3
9,12
27,30
3,3
288,464
14,15
64,69
31,32
3,4
374,431
24,35
132,163
101,106
29,30
143,157
97,172
2,2
516,570
4,5
10,28
29,37
33,33
5,11
66,78
121,143
116,121
3,3
80,95
135,186
6,11
152,294
85,121
756,810
25,26
318,359
277,297
655,761
254,437
26,34
214,256
719,824
374,396
473,484
232,280
79,83
131,172
135,183
92,106
257,378
358,380
140,181
76,78
7,8
618,655
256,314
5,7
69,84
214,238
222,250
16,21
431,489
334,374
8,10
285,315
285,295
262,318
17,30
532,610
381,449
178,206
66,94
299,473
81,83
24,39
93,109
66,79
129,178
9,9
109,121
6,7
74,86
39,59
103,105
12,14
106,123
292,400
242,256
21,22
259,268
178,190
82,88
61,73
4,4
187,295
6,6
30,56
81,93
48,51
286,365
4,5
97,127
166,235
3,3
376,389
197,254
150,188
236,308
47,50
120,129
128,136
85,87
135,179
139,167
28,28
427,447
416,492
13,15
180,248
6,7
14,15
19,21
111,163
114,167
26,31
238,302
119,126
314,419
146,185
5,5
0,1
397,452
1,2
151,190
166,197
119,168
222,303
116,124
24,26
73,76
40,40
166,195
44,86
69,78
444,524
88,147
163,198
49,49
27,35
219,320
484,540
116,183
15,16
135,167
82,146
234,353
15,16
198,233
57,74
181,313
178,192
22,24
249,262
14,22
6,9
67,70
12,16
98,106
26,30
82,96
7,7
89,95
270,499
16,19
173,198
57,59
110,123
65,71
44,47
53,63
161,205
366,455
167,245
51,52
302,311
238,291
99,181
109,124
111,114
41,52
379,390
6,6
60,69
39,57
54,62
269,303
145,152
67,88
22,33
299,454
38,42
241,298
5,6
800,835
357,536
134,141
5,8
298,502
186,192
161,188
21,22
30,32
80,80
53,79
217,266
7,10
241,327
103,115
99,108
149,160
5,8
79,106
71,84
132,206
273,464
389,434
30,41
93,124
113,154
167,208
124,132
3,3
886,977
16,28
14,14
96,166
13,14
262,359
279,460
5,6
219,235
447,584
133,142
51,69
41,52
71,71
187,256
347,356
369,398
39,39
13,17
15,19
50,67
227,253
188,276
136,138
264,443
123,129
22,25
132,256
89,153
87,92
4,4
107,132
9,13
135,167
310,355
120,166
399,410
147,164
177,198
5,10
183,308
113,117
186,190
32,43
339,374
181,260
89,91
152,217
235,286
27,37
54,66
17,30
337,404
136,169
7,8
187,218
27,29
88,88
86,99
13,13
277,307
89,101
7,7
155,159
204,214
74,93
534,550
312,343
23,32
330,491
421,425
148,166
291,351
10,14
3,3
165,226
5,8
116,134
15,16
2,3
30,34
181,212
228,250
86,131
131,151
2,2
674,781
8,14
18,26
144,151
28,45
101,106
467,534
139,162
227,233
225,353
36,37
103,111
96,111
310,345
218,404
716,818
248,367
34,34
134,144
134,183
120,169
171,178
342,577
17,18
154,211
25,29
380,488
248,257
164,183
233,261
39,49
2,2
54,63
486,522
7,8
22,30
68,126
212,215
181,225
2,2
288,320
469,586
732,809
186,193
194,195
170,203
1,1
140,172
18,37
202,279
734,812
368,438
213,226
24,32
524,601
74,99
3,4
597,627
314,500
270,455
170,237
242,354
0,1
3,3
418,488
11,13
260,281
219,361
19,19
228,253
220,260
226,250
29,31
163,230
567,686
82,103
66,114
265,379
49,53
27,28
15,17
4,6
53,61
262,457
110,123
93,138
106,111
8,8
462,483
9,11
112,145
34,45
123,157
234,352
78,85
367,446
86,107
20,22
363,375
197,231
92,118
114,135
540,594
90,110
229,271
73,82
176,184
120,153
67,84
188,265
346,628
58,62
313,347
3,3
12,13
80,82
69,71
218,275
212,285
26,30
13,14
47,52
291,506
146,165
131,198
290,409
37,48
70,123
124,127
4,4
129,140
350,359
33,45
154,155
161,169
105,120
45,50
185,251
777,801
97,100
447,448
3,3
6,8
205,256
664,679
23,32
130,189
8,11
173,275
157,198
19,20
79,84
16,18
312,365
53,63
639,658
138,144
18,28
662,743
202,247
467,552
85,112
269,389
306,372
210,243
19,24
326,407
153,249
366,416
16,17
3,6
5,5
3,3
21,25
108,120
118,129
288,318
189,197
64,75
71,84
27,32
365,543
237,242
15,18
171,178
3,4
17,22
4,6
354,641
9,9
442,462
23,27
291,408
250,273
95,113
551,646
163,212
23,34
177,200
92,99
136,141
153,170
155,163
130,189
6,8
240,291
57,57
93,110
175,277
241,330
1,1
276,443
139,205
331,361
88,105
1,1
625,668
150,177
108,113
8,12
44,48
92,167
167,170
29,30
451,463
8,8
244,390
24,27
6,9
10,13
139,195
206,211
159,182
234,273
401,409
10,12
24,27
112,154
1,1
140,159
435,459
749,785
183,261
71,83
158,192
239,280
165,189
10,13
6,8
58,62
112,119
43,47
305,334
104,106
289,356
241,272
66,70
25,26
584,618
247,343
40,40
52,56
167,207
63,73
40,40
318,402
368,384
290,447
739,825
272,472
665,801
6,9
287,315
203,276
8,9
100,140
9,9
531,547
438,494
114,118
29,30
172,376
463,528
18,28
257,564
453,518
216,226
208,273
8,8
6,7
3,3
183,207
42,49
253,414
11,12
478,505
142,165
3,3
124,170
189,331
191,276
209,251
15,15
54,74
114,135
5,5
19,22
109,130
5,5
187,195
6,7
167,198
49,67
188,287
269,277
7,11
251,263
10,13
7,8
49,79
4,5
226,319
154,191
137,188
73,81
271,376
256,339
246,323
15,18
129,171
27,27
7,7
194,221
30,30
196,245
118,138
154,156
148,172
134,176
551,576
114,152
193,379
17,18
2,2
60,68
3,3
162,167
488,585
193,207
17,31
110,184
150,182
3,4
3,3
368,398
1,1
211,226
55,68
152,180
8,13
5,5
414,454
168,251
107,126
81,94
140,151
112,131
13,15
30,33
346,457
18,21
194,210
7,7
137,154
53,56
92,95
152,194
299,381
697,794
89,105
7,9
243,314
325,413
31,39
61,67
33,40
216,387
391,419
162,174
433,508
374,549
53,69
98,110
276,381
80,89
20,22
3,3
20,28
622,656
19,19
103,143
4,6
13,25
133,157
86,121
113,137
231,235
4,4
253,292
70,78
189,207
49,49
161,188
186,262
296,308
65,78
153,192
1,3
178,206
352,392
4,4
4,8
25,27
564,583
27,29
181,251
68,85
42,49
35,48
64,66
34,38
35,42
63,69
195,254
11,12
423,452
239,338
40,45
192,257
87,120
134,149
279,487
107,126
131,152
153,171
11,11
348,362
132,170
453,532
371,493
108,133
79,97
5,6
39,44
228,317
86,121
70,79
68,76
245,286
31,36
182,214
112,141
203,220
72,79
9,26
361,481
180,206
67,69
13,15
396,466
2,5
9,11
111,151
292,331
459,546
119,150
10,11
207,279
206,243
289,466
104,116
262,417
5,5
2,4
258,451
24,24
275,328
22,24
138,192
656,810
199,233
29,41
74,75
656,687
337,381
33,33
83,85
25,29
42,66
23,25
167,209
228,288
298,306
264,410
277,323
289,358
532,611
317,367
9,11
194,245
319,479
53,69
120,121
358,443
40,43
195,312
156,196
134,182
207,278
652,662
49,57
124,147
167,173
0,1
9,12
109,110
615,621
8,8
8,10
204,236
235,312
6,6
428,486
88,154
194,272
75,76
244,345
67,69
467,516
361,628
179,210
99,105
164,207
2,2
24,27
15,20
168,217
103,155
207,274
296,338
6,6
291,306
4,4
464,519
50,53
51,64
49,50
156,165
190,220
10,10
95,150
87,87
415,443
376,465
3,5
61,86
143,163
58,72
133,137
285,327
122,158
32,37
61,79
20,27
3,3
171,181
306,323
200,219
115,118
99,102
168,239
126,150
206,233
14,17
452,468
162,209
22,23
133,160
128,155
330,550
284,340
384,402
157,189
104,114
98,137
104,126
23,25
266,330
125,155
170,232
52,114
347,403
697,792
404,417
74,87
8,10
83,89
246,358
4,4
18,22
102,184
315,372
300,325
192,210
458,467
29,35
2,5
202,304
287,425
17,17
7,7
12,14
220,285
103,207
4,5
105,124
47,49
297,363
14,16
157,203
11,16
229,364
139,165
159,183
48,49
110,140
168,245
246,273
1,1
275,511
147,163
23,25
9,9
295,491
168,187
9,14
361,378
153,218
101,114
226,240
235,289
2,3
168,185
99,108
26,26
483,514
435,481
2,2
19,19
370,589
188,211
144,312
309,420
258,292
214,298
224,270
196,267
153,288
155,220
151,199
5,7
273,350
172,181
93,104
7,7
33,34
302,319
45,54
248,295
68,74
14,16
8,9
6,6
178,198
155,177
2,2
201,208
69,84
66,119
14,14
49,50
341,620
24,25
50,69
35,41
237,285
230,256
512,591
149,207
246,272
613,702
715,766
65,74
210,296
3,4
109,116
5,5
251,323
126,131
288,331
502,535
146,176
316,328
733,834
142,144
4,5
264,313
158,189
98,120
301,329
3,4
12,12
161,187
7,7
266,483
7,8
230,472
64,86
65,80
186,298
39,41
84,111
489,500
177,216
125,170
440,470
2,2
55,57
166,216
300,315
679,793
119,177
180,252
146,175
63,71
6,7
280,358
167,210
72,101
135,144
451,537
23,26
216,320
421,519
522,622
737,759
6,6
70,96
483,505
24,29
143,159
9,9
22,22
229,317
40,57
241,272
55,58
350,370
277,346
38,38
81,87
66,74
7,12
264,373
71,79
190,197
23,41
231,261
222,280
181,233
156,218
62,98
17,19
171,202
20,20
121,149
36,47
733,811
173,178
39,47
311,381
8,9
161,192
292,321
159,193
128,137
174,178
131,206
244,287
35,36
434,486
33,42
354,443
255,315
402,478
284,353
121,149
59,62
49,61
250,284
310,331
142,160
74,95
8,23
152,292
88,106
51,56
82,106
440,505
610,638
8,8
190,234
47,49
26,31
187,215
39,56
1,1
123,153
324,362
378,387
161,194
55,68
24,24
18,20
0,1
156,163
264,285
490,522
30,41
483,525
507,550
15,18
29,37
230,378
171,217
355,372
36,42
71,98
10,15
507,596
207,215
125,128
56,70
421,442
287,311
126,167
21,21
33,35
131,178
485,544
367,398
546,558
423,468
40,50
198,255
60,76
116,148
642,682
23,23
9,10
458,488
79,83
317,455
21,21
132,165
17,17
79,85
235,347
164,168
91,92
40,50
50,62
19,23
4,7
39,42
137,171
56,70
239,341
113,149
189,199
7,7
169,191
97,134
233,285
133,146
214,233
412,696
682,719
122,169
126,145
473,538
98,127
32,32
4,5
389,415
326,341
106,116
11,12
159,188
201,273
273,351
619,667
105,135
129,159
69,90
87,141
181,310
498,512
307,576
134,190
174,193
95,144
227,294
257,268
1,4
332,546
38,45
171,230
94,120
4,4
134,145
121,128
1,3
2,2
64,71
182,239
353,395
147,203
273,356
119,170
4,6
451,505
161,165
512,599
27,30
294,320
42,42
117,150
11,18
10,13
8,8
60,65
16,17
19,22
44,53
133,140
210,240
113,157
374,541
320,343
284,312
215,392
102,116
101,121
8,10
154,219
170,248
7,9
163,177
265,277
31,37
6,9
140,143
19,20
10,13
199,273
58,75
83,107
216,331
286,328
300,381
168,258
24,27
82,85
205,218
40,43
39,39
196,264
3,3
139,154
57,62
638,687
92,129
184,225
4,6
299,482
335,398
115,122
811,925
103,135
138,275
64,86
5,5
601,729
170,196
14,16
9,10
37,52
5,6
42,43
26,26
839,943
58,70
163,172
143,166
3,4
702,750
30,30
419,649
6,6
212,274
50,57
500,584
7,7
252,360
5,5
246,254
4,4
323,353
158,209
142,198
131,143
539,556
556,584
715,800
94,104
17,17
28,42
117,140
94,119
83,86
19,22
110,135
11,12
163,202
176,223
5,5
650,663
77,112
155,204
215,383
61,72
50,54
223,230
25,28
411,463
244,332
6,6
117,132
10,18
276,329
39,46
3,5
31,33
10,14
152,255
11,24
136,163
191,259
178,251
93,99
185,289
270,321
157,226
282,421
51,75
35,44
2,2
26,26
97,113
183,197
22,53
11,12
110,119
97,125
268,366
103,129
202,261
352,462
53,59
16,16
8,11
224,359
255,269
57,74
252,299
134,139
126,145
339,577
83,86
174,249
186,280
247,303
5,8
119,128
12,17
177,226
33,53
302,395
3,7
8,14
175,238
15,15
21,28
2,3
513,584
180,254
145,168
92,93
313,344
183,257
362,378
170,190
98,101
3,14
9,11
156,189
232,248
20,27
229,238
10,11
53,60
32,34
1,1
181,198
176,279
182,271
37,38
80,113
80,89
29,36
3,3
257,320
81,108
228,312
248,276
142,160
8,10
102,109
174,193
26,34
18,18
254,320
3,5
275,420
362,562
19,35
189,236
307,334
68,68
24,27
169,203
1,1
13,13
350,413
19,21
112,115
199,224
27,33
1,1
199,205
483,579
244,255
18,21
29,29
93,103
158,174
7,9
361,623
3,5
156,173
142,180
47,54
87,92
198,209
356,406
55,76
291,294
354,504
162,190
164,219
119,142
173,243
701,754
273,340
4,5
118,122
101,125
81,99
58,64
83,91
17,25
164,220
1,2
97,124
361,452
210,283
55,84
104,104
111,119
40,40
3,6
114,150
513,563
63,65
160,212
67,100
93,102
83,89
63,73
22,22
30,43
78,92
165,213
267,328
179,273
232,272
242,259
2,3
231,294
409,591
65,76
222,240
159,178
10,11
256,364
8,12
19,23
206,279
34,34
1,1
6,7
83,83
118,162
626,704
129,144
21,21
150,272
45,48
158,299
105,130
108,118
96,104
467,478
44,49
134,175
151,189
1,2
196,213
284,503
121,142
65,75
218,334
4,4
187,205
52,53
1,1
69,79
11,16
253,286
7,7
62,92
188,275
142,154
11,14
49,64
24,25
85,115
30,31
156,234
525,608
35,35
64,83
22,30
282,318
3,4
219,292
503,529
90,140
149,236
148,367
3,4
168,221
62,65
110,179
89,117
39,70
206,330
486,529
730,760
326,344
143,222
3,13
247,268
128,156
108,109
10,12
111,125
72,75
1,1
58,94
647,791
760,847
137,166
217,258
150,170
90,98
9,10
39,43
61,64
44,48
9,10
33,44
121,123
15,16
181,208
155,203
59,64
196,209
60,66
63,70
85,108
9,11
170,197
195,224
127,184
13,14
232,383
163,306
65,78
225,303
224,245
6,6
277,365
218,342
131,133
153,165
44,51
445,494
377,421
247,345
3,3
14,14
76,95
104,129
39,41
491,729
251,262
5,5
200,278
28,33
160,196
1,1
132,137
221,326
19,22
65,69
5,6
44,45
164,207
69,74
115,126
203,231
87,87
37,48
142,162
220,226
343,576
157,207
227,275
59,69
200,219
204,214
3,3
255,297
139,149
394,407
6,6
135,159
493,507
461,484
83,85
151,196
177,184
307,524
50,70
22,39
15,20
96,141
30,36
623,636
174,194
245,273
224,279
28,30
306,501
27,30
113,129
167,185
132,141
95,107
48,49
25,26
184,270
42,59
173,229
23,25
389,493
4,4
117,148
64,81
223,420
113,163
37,40
253,346
81,108
258,463
9,9
492,560
136,178
7,7
532,629
165,217
221,248
108,148
87,90
40,41
309,499
746,779
49,51
15,16
216,282
141,210
206,207
72,88
15,20
126,140
177,182
292,525
19,20
400,679
169,212
15,17
243,413
1,1
78,82
35,41
161,198
40,44
264,397
216,274
125,139
26,27
6,10
23,30
497,542
178,190
91,92
167,197
146,148
775,865
181,258
130,170
275,311
339,396
83,140
603,630
36,36
95,130
1,1
209,331
201,302
5,10
6,7
89,90
284,335
166,197
21,31
184,192
26,31
148,164
195,199
268,314
5,5
332,344
188,218
228,380
207,234
150,155
104,122
7,11
617,683
132,181
361,593
518,596
16,31
25,31
166,212
186,322
44,46
96,101
16,16
490,564
115,142
150,153
122,166
527,591
3,3
5,8
287,400
92,113
231,246
120,126
119,163
6,11
248,297
7,13
493,588
493,539
31,32
496,582
19,23
4,10
174,182
4,4
77,140
5,5
187,190
287,333
7,7
192,209
85,90
226,229
21,31
22,24
341,539
12,15
120,194
116,136
487,565
182,233
34,42
78,85
332,482
446,648
351,435
226,305
135,184
163,232
71,85
470,553
85,145
65,75
85,86
46,53
12,15
6,9
102,109
397,428
323,405
161,167
14,15
734,868
94,104
133,174
188,276
150,163
25,28
151,179
95,99
174,191
20,20
94,101
116,119
23,29
340,419
112,153
6,7
19,22
34,34
126,167
103,135
5,6
319,433
17,17
4,4
11,17
207,279
158,173
68,72
150,169
94,120
164,167
147,215
19,20
244,435
9,18
15,17
40,41
11,14
411,418
393,653
10,11
787,844
129,136
207,222
246,426
708,724
280,343
165,204
66,93
118,150
221,275
108,111
52,62
838,922
6,6
553,589
80,106
162,213
534,590
17,17
107,123
247,270
11,11
8,9
2,2
254,357
367,385
265,307
5,6
262,407
22,23
749,846
98,107
27,31
106,107
11,13
80,95
55,69
2,2
99,131
121,126
369,402
261,456
10,10
93,140
121,151
17,27
78,92
407,499
18,19
16,16
41,47
51,66
123,202
328,413
4,5
334,413
111,137
283,300
47,58
33,33
96,120
245,373
97,120
385,453
241,334
228,308
105,108
141,175
151,156
55,96
12,15
227,239
61,61
105,183
179,270
401,626
126,135
167,201
18,23
160,168
594,684
235,369
77,84
13,14
118,159
554,566
60,64
449,482
95,101
197,218
2,2
201,278
188,249
145,174
145,209
99,113
62,72
39,45
145,153
8,8
4,4
656,744
113,148
216,247
8,8
301,457
49,57
5,5
140,150
6,14
344,400
88,118
158,164
161,169
60,78
24,29
69,72
90,93
56,56
4,11
73,92
193,300
294,306
207,308
259,356
130,151
123,216
49,50
155,204
137,209
79,94
81,86
13,18
102,107
92,123
251,288
98,120
1,1
99,140
10,18
168,177
130,150
124,193
4,4
2,2
2,4
43,44
76,86
108,111
532,625
135,139
93,155
94,196
161,246
57,74
108,115
8,8
291,317
228,270
212,284
108,119
2,2
179,190
244,360
85,131
188,204
191,206
292,352
17,28
18,18
7,13
240,436
503,595
88,106
84,94
65,81
159,192
484,567
210,241
35,36
170,211
3,4
22,22
472,537
4,5
258,282
37,40
41,52
177,191
24,26
60,65
168,351
810,893
4,5
498,527
22,31
216,277
230,242
47,50
31,40
3,3
87,171
99,112
4,7
208,298
141,142
265,312
122,135
9,10
70,93
67,81
365,526
378,409
291,522
169,217
284,489
18,26
184,266
4,6
78,91
259,282
249,256
207,299
1,2
190,232
33,37
115,139
48,52
152,223
20,21
31,37
1,1
144,188
7,16
160,221
5,7
143,202
30,31
397,410
48,48
3,6
223,342
5,6
185,279
405,415
9,9
183,300
392,422
178,239
6,9
113,154
266,282
267,348
23,24
27,29
184,214
5,11
229,280
423,601
87,98
8,8
64,71
66,80
134,172
235,378
661,770
459,499
152,190
186,228
182,376
57,64
246,285
302,392
206,265
28,28
177,287
495,569
47,50
177,249
239,294
9,12
284,299
30,32
339,354
102,105
59,63
139,161
700,785
23,26
6,6
85,108
195,324
499,573
175,203
239,268
208,246
9,14
30,37
210,279
353,559
404,668
118,151
130,187
331,349
223,233
96,134
46,58
117,171
100,110
245,283
287,304
19,20
72,76
13,19
21,22
145,158
51,68
52,81
183,254
454,560
74,93
18,28
199,220
38,45
189,238
24,26
155,184
348,368
233,269
540,553
567,576
146,215
21,38
37,42
144,154
0,2
2,3
63,66
642,706
267,272
297,308
244,372
88,103
96,115
6,6
178,223
32,41
332,361
50,59
292,512
181,235
87,125
3,3
5,5
5,5
9,10
153,266
11,14
170,268
331,366
415,472
10,13
193,256
277,336
110,158
539,568
491,531
7,7
7,11
62,96
335,395
1,2
25,26
64,66
88,107
23,23
243,455
45,51
156,189
17,21
86,125
162,227
372,417
124,135
110,147
58,70
241,245
584,665
139,179
350,371
242,254
186,233
5,7
29,37
515,597
8,17
341,396
252,267
209,309
5,5
178,306
140,157
266,299
41,43
58,58
89,99
159,201
8,9
105,124
127,166
4,4
397,458
539,580
261,383
575,689
98,125
217,235
70,100
109,129
76,82
723,832
133,155
106,182
230,325
118,124
245,308
55,57
84,99
163,179
1,1
299,381
349,416
80,80
263,480
185,314
71,89
209,238
126,128
47,58
56,58
227,235
23,33
201,282
44,65
193,198
235,389
42,53
146,222
179,291
94,140
10,11
58,64
719,822
743,843
47,52
142,208
273,312
230,358
76,80
5,5
140,144
41,41
154,199
70,71
273,284
171,269
6,7
258,420
5,6
7,10
384,392
570,590
9,14
63,72
19,21
28,28
563,579
10,11
68,68
47,61
194,201
209,214
92,96
11,14
13,16
7,7
88,102
582,592
116,150
292,304
168,223
16,18
1,1
25,26
194,207
298,349
193,235
1,1
94,101
106,109
146,189
56,71
207,243
173,421
225,270
50,57
34,39
616,681
232,380
276,285
43,52
27,27
26,34
229,298
115,123
9,9
256,300
527,579
7,11
208,309
5,6
87,97
122,137
79,108
57,68
146,186
288,583
197,206
196,272
62,90
83,97
87,88
225,258
74,85
84,89
22,32
44,52
296,337
4,4
26,28
255,332
200,223
243,291
4,4
162,174
165,204
260,295
142,171
88,88
112,157
5,9
218,238
22,24
134,167
153,201
99,122
11,13
481,502
6,7
402,481
120,211
282,299
255,298
12,15
326,355
164,191
75,84
25,26
313,343
27,32
197,211
303,405
331,473
150,227
20,22
20,20
20,28
147,157
343,495
51,63
4,11
221,248
85,105
5,5
7,7
22,24
8,25
208,271
70,72
206,233
298,343
4,4
4,4
10,18
89,90
127,147
432,477
346,360
60,76
10,10
41,44
128,135
67,67
29,37
7,8
19,20
254,405
146,147
102,107
234,304
70,74
178,245
340,485
391,423
285,318
112,142
192,302
281,302
41,41
275,431
50,60
299,339
487,501
217,290
34,34
362,428
6,7
150,184
20,21
186,267
86,123
17,17
809,898
32,38
480,505
139,171
465,486
225,257
69,81
5,5
543,618
54,73
5,5
357,566
14,21
94,143
194,291
111,138
4,6
177,238
192,232
21,21
116,120
71,149
130,248
16,27
1,1
212,226
9,9
318,336
375,640
31,33
213,232
281,342
8,8
3,3
129,138
131,166
5,5
36,42
244,282
169,201
277,404
170,218
172,224
91,102
860,967
136,156
191,311
3,4
407,425
63,80
183,281
7,13
161,167
192,294
152,189
290,517
61,70
137,154
206,244
276,303
286,330
57,62
178,211
206,212
311,445
19,21
219,228
5,5
140,157
5,11
396,441
31,37
101,106
117,132
219,248
117,126
153,203
86,98
153,269
181,255
25,26
234,319
126,170
6,7
10,11
242,406
299,498
103,117
132,136
43,53
654,801
453,487
298,314
9,9
212,238
6,6
7,9
20,24
127,168
37,38
175,229
148,168
2,2
30,31
130,164
183,233
9,9
48,57
290,410
133,264
142,171
173,180
15,20
318,499
127,148
15,19
384,570
40,74
102,124
187,191
66,80
26,28
6,9
193,207
176,201
87,123
47,51
146,189
38,44
7,7
70,71
17,18
269,315
190,210
112,124
73,78
170,349
116,154
124,160
11,14
3,3
218,243
575,592
49,70
92,147
35,38
181,219
5,8
141,194
49,57
243,390
212,239
7,7
23,26
517,585
126,134
34,40
106,128
221,291
216,281
49,66
25,39
27,28
235,392
105,118
250,329
214,341
3,5
277,342
36,48
100,157
50,68
210,245
5,8
278,309
163,186
507,579
168,170
78,89
299,439
79,88
134,158
94,116
252,298
427,442
42,45
551,600
1,1
141,148
107,109
343,407
31,36
2,2
16,21
302,371
18,20
11,12
8,12
157,165
299,377
87,93
43,52
7,8
288,321
76,103
255,293
256,307
134,163
439,675
41,45
151,152
344,465
5,5
187,231
15,17
146,156
53,63
191,222
463,527
157,231
46,48
171,211
38,49
2,3
216,253
94,168
320,410
131,210
419,509
81,90
317,326
54,69
210,447
145,155
6,6
98,99
128,196
2,2
270,320
42,42
114,124
379,391
24,28
463,549
70,78
8,10
218,224
184,195
3,3
167,213
4,6
355,424
304,531
172,236
1,3
131,178
1,3
153,202
15,20
53,69
356,598
206,285
121,137
54,62
356,419
133,137
101,118
138,188
549,560
5,7
67,85
9,10
706,837
213,324
5,7
369,445
108,123
95,146
239,257
14,17
88,107
3,3
11,13
116,142
202,223
14,22
59,68
17,20
75,106
202,270
270,348
98,98
114,169
43,47
154,214
93,111
642,676
19,19
187,374
43,46
46,49
141,233
16,20
5,6
203,244
233,318
320,370
48,61
32,36
215,296
118,148
95,119
99,117
125,147
175,209
279,430
241,277
425,499
28,31
130,139
45,64
115,115
332,368
38,38
233,377
1,1
197,261
52,64
120,127
99,130
216,251
110,112
319,505
264,315
345,361
128,194
266,315
6,6
514,526
6,7
204,206
8,10
192,269
382,473
20,21
10,10
95,103
122,130
2,4
511,559
109,123
170,205
150,201
226,238
23,25
110,155
20,21
114,123
63,71
223,299
397,410
94,98
8,15
281,331
144,151
9,9
4,5
300,541
92,109
201,244
2,2
28,28
89,97
111,143
127,189
276,463
141,172
86,104
101,172
294,442
78,80
298,352
44,53
86,91
32,33
1,1
51,64
197,359
746,790
11,20
5,6
24,25
197,230
3,3
10,14
3,5
321,490
605,641
114,126
128,168
82,83
52,70
162,178
333,352
220,378
387,399
10,10
316,530
1,1
162,252
46,65
179,185
160,216
11,12
230,281
264,313
155,264
161,217
154,210
6,6
116,122
12,12
32,33
340,566
43,55
1,1
96,130
173,222
128,146
118,154
172,290
2,2
337,591
483,655
193,222
108,156
13,15
4,5
65,89
41,44
29,37
46,67
198,263
602,623
14,17
142,166
148,207
143,201
138,183
549,611
51,53
66,86
226,303
102,110
107,118
302,333
142,179
346,370
48,68
96,97
47,48
391,411
31,31
4,4
97,114
61,64
154,227
795,858
91,142
72,75
36,36
95,108
453,686
276,348
497,571
37,42
115,120
205,243
264,268
110,122
188,195
82,87
127,185
8,9
83,106
128,182
193,201
154,172
33,44
711,814
45,46
92,135
200,269
8,8
183,229
87,114
51,67
142,172
94,112
179,248
16,16
116,157
76,79
329,354
223,278
81,137
95,108
41,58
276,371
316,363
311,378
59,72
70,102
387,395
185,218
1,3
112,146
372,406
148,161
20,23
20,28
449,497
351,617
82,84
201,305
16,16
162,200
59,91
141,172
217,265
644,674
62,82
29,39
60,67
92,96
89,90
6,6
123,145
64,89
2,2
150,180
24,24
75,78
16,31
32,43
6,7
107,148
254,378
12,18
189,235
368,420
252,280
302,403
51,54
274,313
40,43
86,100
274,355
10,16
171,177
307,424
266,334
400,686
43,46
22,24
153,176
53,71
192,195
122,132
159,184
3,3
72,75
49,56
155,161
6,7
9,12
143,187
298,411
47,49
71,88
69,108
347,358
30,32
99,126
310,366
50,67
330,490
36,36
7,7
127,152
72,111
264,441
178,196
86,87
130,139
217,360
3,12
399,426
84,105
256,383
7,12
55,57
7,16
49,53
53,65
230,282
33,40
109,115
164,169
5,21
247,302
523,631
15,15
245,265
143,195
250,270
246,269
122,139
429,441
57,60
382,614
13,14
61,63
128,153
123,135
28,33
211,284
1,1
74,77
126,175
75,87
342,571
95,128
83,127
403,491
64,82
41,47
180,210
457,539
185,218
248,267
104,133
150,168
151,152
84,84
192,284
144,167
186,211
284,331
154,233
130,154
557,635
287,478
774,886
25,27
155,208
275,455
173,195
56,73
7,8
14,14
6,8
4,11
11,23
143,193
21,23
1,1
185,202
2,2
159,175
181,195
228,237
175,390
453,480
21,25
13,13
270,275
11,12
19,20
145,147
198,242
101,129
88,127
118,126
268,303
720,751
161,170
2,4
21,31
48,62
22,24
452,472
9,21
83,92
246,378
158,205
272,440
225,300
14,17
23,27
120,173
27,27
65,76
28,28
4,4
4,5
3,5
186,232
6,8
222,244
231,288
96,133
275,327
67,69
2,2
7,9
19,19
6,6
193,224
207,272
79,85
404,478
198,261
5,6
306,318
120,152
329,502
158,165
8,11
134,139
15,19
330,401
60,78
235,251
191,386
544,593
130,181
147,267
9,10
152,180
3,5
393,484
121,199
167,206
13,17
9,16
265,276
185,230
120,165
2,4
449,539
6,6
246,443
117,154
2,2
200,210
497,508
296,459
104,114
78,98
1,2
139,171
672,741
22,28
197,260
27,51
288,392
65,69
178,187
62,66
25,28
19,23
696,745
11,13
107,153
100,136
95,150
22,24
7,8
359,381
108,146
4,5
25,28
417,430
207,234
20,22
64,64
59,62
123,134
429,487
55,58
288,309
21,26
144,166
137,215
240,268
169,226
150,212
465,478
78,87
93,168
4,4
2,2
725,758
6,14
168,219
151,176
133,187
82,103
11,14
14,17
553,590
10,12
56,63
71,84
86,115
146,183
2,2
14,19
158,195
353,367
459,483
148,195
16,16
170,218
204,380
137,210
109,111
100,108
159,216
197,291
141,153
170,175
18,18
5,6
30,31
428,494
170,201
335,440
93,97
19,23
112,125
5,7
105,149
127,174
491,507
103,127
29,30
195,279
77,79
193,214
32,33
53,54
6,6
668,700
218,267
242,323
2,2
490,540
104,117
134,200
69,84
158,229
8,11
225,305
173,195
227,276
436,447
1,1
7,8
32,32
28,31
3,3
42,59
297,545
141,267
580,643
97,117
78,78
276,286
3,4
375,406
488,508
144,159
187,249
67,86
124,154
28,30
95,125
214,224
100,101
260,402
397,468
61,69
3,3
220,234
211,282
168,204
19,19
3,7
24,25
67,87
216,266
163,237
201,254
140,193
172,223
170,203
12,12
86,112
399,470
540,569
148,205
163,215
711,783
45,50
5,5
273,279
20,20
634,713
460,688
99,110
76,123
129,188
12,12
2,2
58,65
422,438
102,102
30,37
41,41
19,36
6,11
8,11
82,94
242,316
388,420
30,43
45,46
190,200
141,145
31,40
106,138
206,220
7,7
180,246
163,261
117,123
243,332
113,116
545,590
654,690
166,202
274,406
7,8
9,15
1,1
131,146
17,24
229,403
94,108
191,361
2,2
317,465
151,241
711,738
310,332
154,162
122,151
10,11
46,82
32,35
76,86
225,232
458,671
26,30
48,50
6,6
230,314
185,304
690,719
115,157
138,162
18,21
138,189
154,194
126,141
81,91
147,161
23,28
9,10
41,54
26,33
78,86
162,171
262,301
7,7
600,643
4,8
6,7
11,12
61,66
194,234
4,4
103,127
235,253
159,168
80,113
16,20
13,26
86,113
204,283
363,458
145,147
64,90
103,141
121,134
6,6
39,45
40,42
136,161
286,450
174,231
216,304
670,775
27,34
15,18
239,368
93,96
114,153
223,428
8,8
128,138
5,5
12,15
80,88
414,425
411,678
163,211
6,6
135,145
153,182
149,176
146,206
148,168
63,75
382,546
84,88
137,204
523,643
71,89
6,6
343,349
32,34
53,65
14,16
57,58
265,272
471,530
778,869
191,225
19,21
90,90
578,605
508,515
9,10
359,377
109,127
86,90
384,487
2,4
329,582
8,11
232,288
200,213
257,299
95,115
151,231
459,464
17,25
275,390
43,57
348,370
99,107
249,325
76,84
362,372
127,171
120,138
229,244
234,379
203,214
160,194
6,11
223,284
14,16
355,382
324,342
144,152
271,282
92,95
1,2
209,373
235,245
3,3
190,275
263,267
165,178
202,212
117,182
138,181
9,13
60,75
158,191
30,37
226,256
93,103
231,362
201,241
380,484
17,20
173,226
163,197
125,171
168,190
319,455
203,308
2,2
279,367
248,328
9,24
4,5
63,68
356,547
110,114
3,5
82,129
286,336
89,105
28,31
153,175
271,330
77,104
81,93
105,131
403,434
534,603
261,296
191,285
210,250
162,205
1,1
173,211
8,12
29,32
10,11
317,498
257,402
118,140
95,105
485,558
4,7
55,58
66,89
71,89
390,637
320,464
278,434
110,122
108,140
228,318
87,105
17,18
352,452
98,153
603,678
151,214
179,196
65,70
89,137
49,60
164,184
126,202
118,175
240,343
14,14
199,234
484,501
200,282
31,34
53,69
68,82
93,100
672,713
50,58
159,204
188,248
5,5
4,4
99,104
117,172
125,165
46,49
3,3
260,362
118,185
329,390
66,124
741,808
398,453
5,5
108,111
389,397
5,11
418,447
147,212
31,33
33,48
26,27
195,243
17,17
189,200
226,390
28,39
229,339
113,137
5,5
76,77
57,65
363,607
68,68
517,527
239,374
22,23
13,17
35,37
214,280
66,70
30,31
420,724
46,55
278,280
357,436
109,349
6,7
85,101
43,45
115,143
43,71
25,34
69,91
9,16
368,617
137,168
17,23
123,138
184,259
119,124
137,244
176,223
175,273
222,347
166,188
122,181
4,5
27,32
187,253
108,111
35,37
2,9
158,200
205,219
3,3
14,15
5,5
392,404
119,171
3,6
179,221
14,20
4,6
5,7
223,238
166,215
7,7
89,95
25,25
150,222
48,49
323,394
227,291
205,303
262,344
158,183
115,120
3,3
304,402
331,346
1,1
64,74
119,166
224,229
146,180
184,281
1,1
29,41
72,92
2,2
481,634
7,10
139,143
313,362
81,102
72,81
120,168
4,4
15,18
303,363
199,307
37,68
48,61
6,20
102,118
313,380
25,37
79,94
107,110
44,45
153,191
107,148
44,47
127,175
131,139
8,8
222,316
286,349
30,42
641,710
7,8
55,78
379,446
324,433
774,794
34,39
211,269
120,187
113,126
381,396
223,283
36,37
71,72
168,203
105,129
35,35
18,18
125,185
38,40
174,297
110,124
88,119
115,133
7,10
255,306
358,362
56,66
2,2
313,330
56,65
5,6
189,236
82,88
140,157
9,9
12,14
108,128
28,28
126,131
4,5
110,148
65,71
71,96
23,25
97,128
78,78
20,25
52,79
341,404
252,361
162,229
78,102
30,34
122,149
178,266
159,165
16,16
63,71
9,18
11,13
129,209
33,44
324,603
140,148
6,10
261,332
80,92
440,449
64,72
122,183
276,281
10,12
245,317
287,300
120,138
229,323
5,13
111,150
597,697
38,40
272,323
133,173
77,93
283,354
236,377
75,82
743,868
241,329
147,163
598,662
270,377
69,106
176,216
6,8
179,256
405,578
350,463
63,65
164,245
157,223
158,244
153,168
422,432
308,404
9,9
91,105
31,35
448,479
615,688
26,26
144,154
95,98
114,151
195,221
10,10
6,6
670,698
175,252
202,281
46,64
455,466
111,134
12,18
5,13
2,3
6,10
25,31
448,464
297,346
66,69
1,2
225,250
6,8
110,118
100,138
156,172
116,201
648,732
5,5
51,54
25,36
244,259
178,211
292,302
762,826
404,678
262,296
163,260
250,363
136,167
23,28
47,50
56,57
54,72
231,272
179,244
345,410
130,155
7,21
11,19
199,264
719,852
48,53
23,29
447,474
391,406
9,10
10,10
4,5
5,5
174,206
98,129
158,218
96,130
663,748
140,270
35,47
184,207
64,75
48,55
137,175
37,39
376,711
126,152
161,258
40,47
269,357
524,614
155,190
34,40
6,6
35,37
303,483
149,166
190,227
4,4
59,80
61,85
51,53
23,25
199,219
220,402
11,24
207,221
357,547
180,204
79,108
23,34
5,8
151,181
341,401
53,59
106,126
99,104
8,8
102,111
6,6
23,30
9,13
16,16
55,63
156,168
3,4
25,38
495,508
5,8
66,79
3,3
4,7
206,317
6,8
4,5
1,1
667,769
20,20
399,405
94,132
129,170
36,71
207,245
59,69
49,57
169,220
98,157
400,432
214,447
64,88
247,423
321,331
196,326
111,159
110,112
215,286
8,13
42,57
125,188
416,497
24,33
3,3
264,373
136,180
87,101
405,433
282,449
16,20
180,226
67,71
408,418
2,3
90,102
201,365
79,96
292,343
99,130
163,181
10,11
287,378
4,4
22,25
173,190
20,22
130,160
57,62
538,557
37,41
48,50
16,22
22,34
148,154
106,117
279,292
252,257
244,285
132,140
11,13
44,45
72,84
43,53
44,59
78,81
135,166
97,134
169,194
378,385
11,11
43,46
6,6
260,274
8,10
224,278
8,12
189,208
12,13
1,1
323,442
53,53
20,20
1,2
224,230
173,268
2,2
14,16
13,16
66,97
266,293
70,80
218,225
24,27
194,223
59,74
12,20
3,4
149,224
119,154
156,178
40,47
3,3
196,270
130,152
8,10
19,20
176,231
24,37
138,173
818,905
296,376
244,321
5,5
155,181
127,134
208,249
29,31
5,5
11,11
96,115
196,266
4,4
90,92
7,8
268,298
4,4
3,3
351,567
110,117
14,18
146,211
175,212
2,2
107,133
16,16
3,4
6,10
8,9
86,92
456,727
100,108
5,5
53,66
209,388
178,189
159,213
51,59
127,130
120,219
154,172
260,398
187,239
4,4
115,182
68,85
9,11
298,378
492,516
1,1
224,361
107,160
117,155
84,97
162,235
117,148
114,163
15,23
108,112
266,294
5,5
23,25
148,170
168,210
27,33
169,181
338,586
243,428
143,179
221,243
159,166
106,163
287,481
3,5
54,59
254,285
233,300
30,40
4,4
127,132
315,571
308,325
73,114
46,52
42,46
192,338
55,60
111,117
122,158
265,313
277,461
161,181
20,20
178,184
114,117
3,5
11,13
264,304
164,177
6,7
287,416
510,581
18,20
156,201
103,127
128,219
123,141
255,415
668,693
157,204
192,260
25,30
55,64
293,318
620,703
120,127
47,51
398,459
45,47
67,71
236,369
223,251
319,328
455,512
147,182
403,409
274,514
148,164
447,722
26,28
71,84
286,314
6,9
82,105
147,173
14,16
108,118
20,21
3,4
211,256
2,5
123,131
125,229
191,225
156,158
109,127
4,4
460,558
30,50
206,282
73,90
312,423
244,250
383,651
71,92
467,498
144,148
217,248
108,116
148,192
33,41
138,145
7,8
109,112
5,5
175,215
134,170
164,168
244,259
1,1
155,163
148,171
29,42
20,20
356,406
10,12
145,195
316,391
71,85
111,156
26,27
240,285
230,388
3,3
239,299
16,24
3,3
19,31
138,170
128,168
20,22
358,460
2,2
119,152
74,79
289,417
161,341
99,102
26,32
107,169
40,43
19,27
93,103
9,12
20,23
240,316
21,21
226,269
369,375
447,467
191,245
102,121
47,57
30,51
69,74
206,263
5,8
151,187
207,213
5,6
95,101
308,366
44,48
662,707
236,243
209,245
129,140
271,368
47,51
110,142
207,211
3,4
6,9
2,2
88,97
9,15
24,36
579,596
116,137
108,119
96,120
224,272
255,296
291,314
115,137
92,95
215,224
143,313
726,786
263,332
33,49
18,19
251,343
83,95
10,10
144,161
116,136
162,216
150,172
661,800
195,221
489,508
341,442
1,1
243,256
112,151
10,12
48,64
80,81
115,120
113,134
102,114
152,156
138,180
77,148
181,255
256,315
30,48
61,66
470,483
386,479
57,62
125,165
167,188
473,507
272,393
388,626
4,7
287,295
31,37
202,270
102,120
287,404
104,152
188,207
223,232
18,25
84,98
4,8
161,234
277,341
88,101
251,291
105,124
103,145
24,25
6,10
355,615
5,5
59,79
5,6
87,90
246,304
202,229
74,142
36,44
125,182
2,2
106,138
192,260
123,143
186,299
67,70
3,4
529,601
3,5
21,39
14,17
85,111
37,46
169,188
697,730
48,57
206,294
91,125
177,189
740,842
4,5
28,29
264,352
2,4
372,591
786,891
231,274
4,4
446,466
243,420
128,134
88,92
198,233
300,369
394,496
44,44
69,75
125,134
41,60
18,18
96,106
88,95
142,174
60,82
7,8
164,182
4,4
285,325
65,82
45,70
129,139
74,94
8,10
1,1
220,267
173,243
374,383
72,79
119,156
191,212
129,161
262,281
146,152
3,3
107,113
53,55
228,239
65,74
281,472
112,112
13,13
261,456
195,269
51,78
211,222
483,516
306,448
111,164
176,190
62,66
17,18
147,154
294,332
67,95
188,255
115,134
121,152
85,88
384,412
29,35
98,104
221,317
3,4
9,14
6,9
92,100
69,75
323,581
12,12
200,275
173,281
148,157
236,289
4,4
114,280
242,329
340,391
44,59
6,7
163,208
133,182
2,3
232,280
230,303
24,24
201,234
55,59
279,463
35,38
469,518
59,78
116,122
182,215
5,5
95,98
112,143
219,245
394,421
25,36
42,46
223,227
222,343
29,33
5,5
163,206
71,72
117,126
40,60
130,142
76,119
148,160
189,242
328,474
189,218
8,14
168,237
120,132
198,265
152,161
12,19
8,14
217,277
8,14
91,94
32,33
66,100
114,161
14,15
246,274
178,216
568,588
282,305
168,321
59,67
139,182
698,823
154,251
142,145
124,139
99,106
232,241
143,180
216,249
146,151
183,247
20,21
162,218
34,35
168,229
277,444
557,585
289,472
192,278
50,52
6,6
39,40
5,5
298,374
270,346
216,293
516,579
128,138
100,128
636,668
6,7
81,107
677,715
185,208
126,166
105,108
177,237
11,15
227,254
145,189
6,7
13,15
647,683
11,20
181,214
196,221
175,186
211,223
212,292
156,220
263,367
5,6
234,289
34,40
223,394
452,473
6,6
207,231
126,177
134,152
7,13
198,255
164,220
3,4
3,4
8,10
43,44
55,79
213,367
9,14
419,706
184,255
35,41
70,110
72,75
83,95
13,13
112,120
24,28
187,249
26,28
11,11
32,34
3,3
247,256
67,88
192,289
21,26
4,5
48,60
157,222
61,65
703,740
7,11
265,289
359,409
335,508
375,427
11,11
426,506
355,427
157,207
13,13
112,134
150,230
232,374
3,5
65,75
437,527
116,135
209,242
87,88
519,531
6,6
136,308
625,646
186,209
378,425
210,229
426,558
351,489
3,4
200,204
12,17
289,300
88,114
126,153
18,23
139,169
108,125
217,239
348,435
66,87
1,2
15,15
12,12
284,385
122,139
256,263
112,150
121,160
396,480
202,344
316,421
5,7
102,168
220,276
9,12
210,250
148,174
79,98
135,165
228,414
131,194
34,45
194,207
123,148
95,147
345,359
252,258
157,180
59,64
203,243
67,71
5,5
104,124
628,654
130,136
123,134
68,100
117,120
258,432
8,8
225,306
13,13
21,23
236,260
103,114
32,32
48,61
280,342
45,61
202,283
273,279
37,46
67,72
129,173
11,12
163,254
50,64
214,376
119,136
7,9
87,109
61,79
213,258
185,193
57,64
263,381
273,296
69,75
67,83
23,25
177,199
119,133
85,85
244,286
38,62
132,142
143,148
385,457
293,404
2,3
191,245
170,228
2,2
8,11
157,164
112,137
182,186
208,277
111,115
98,138
3,6
150,217
27,31
23,36
73,89
115,129
144,269
232,270
1,1
90,121
684,777
38,43
85,110
2,2
25,47
9,12
14,14
3,4
45,55
4,6
240,374
234,275
156,303
27,29
64,75
82,98
269,354
108,149
2,2
21,21
202,222
441,714
586,619
94,147
209,292
7,7
508,582
4,6
309,560
93,176
53,68
95,106
210,287
4,4
252,392
222,275
79,114
160,236
55,59
101,117
162,178
271,312
160,257
408,421
119,124
58,63
640,666
224,258
138,148
97,105
112,122
52,55
157,183
35,41
4,5
61,64
2,3
161,255
337,425
80,93
586,617
2,2
4,5
203,383
99,105
207,211
8,9
241,252
142,171
18,18
168,171
136,203
191,274
456,520
13,13
4,4
3,3
228,349
184,224
143,149
152,202
1,1
189,216
226,411
4,5
220,331
7,7
14,15
218,360
178,237
16,16
245,253
441,467
18,18
294,370
822,899
172,228
166,227
543,559
155,219
2,2
230,547
145,182
89,119
89,144
137,162
10,11
408,684
108,122
163,182
176,244
33,43
80,90
12,22
87,119
2,4
29,32
12,12
95,97
37,40
305,355
142,196
1,1
4,6
463,541
338,391
90,142
239,370
358,425
272,335
114,129
278,573
499,590
84,141
353,425
180,225
156,201
106,124
172,176
77,99
93,120
189,208
197,213
272,405
53,68
33,44
7,7
30,34
89,99
73,91
8,8
64,75
16,17
37,40
594,674
256,332
165,200
41,42
58,86
104,114
71,75
9,10
98,134
76,84
127,213
14,15
62,63
726,815
225,250
359,372
9,14
17,23
252,292
207,227
309,322
59,61
806,839
212,233
19,20
163,248
385,411
190,254
108,120
66,91
286,310
151,178
230,359
19,19
75,80
79,80
338,385
144,171
76,123
7,8
253,459
238,239
339,472
71,76
267,305
98,109
342,413
93,114
260,391
88,96
4,6
175,212
512,525
22,38
92,107
106,164
159,197
342,427
170,246
167,207
74,83
183,225
70,73
9,9
38,42
3,4
61,87
244,305
189,229
399,471
24,26
64,66
357,511
211,237
308,348
177,206
278,298
155,188
368,457
96,98
746,856
52,54
18,23
127,133
45,72
234,339
79,95
108,122
227,315
241,251
61,73
10,10
274,464
577,617
13,16
208,232
5,5
63,70
59,104
256,274
368,556
15,16
172,175
211,241
5,5
42,46
97,147
7,7
74,89
256,280
191,216
130,135
175,241
47,55
139,198
136,163
8,8
171,261
11,11
369,479
208,259
108,145
44,46
228,498
185,256
22,22
143,206
273,309
58,79
164,235
344,358
112,154
30,35
199,216
52,56
20,20
16,16
134,193
14,17
359,585
533,627
22,27
358,440
122,229
149,222
65,103
340,359
9,10
164,248
5,5
143,171
222,373
86,121
43,50
529,653
152,155
1,3
144,178
17,25
21,26
218,272
66,78
285,322
129,178
196,271
48,69
639,687
147,155
261,268
5,5
82,108
21,25
336,374
79,92
81,86
447,513
114,201
147,167
206,243
188,243
67,93
575,584
25,29
116,178
17,18
115,168
174,230
84,104
75,78
129,163
396,429
7,10
280,394
156,217
224,308
54,59
220,232
5,6
97,109
84,115
121,127
118,191
26,28
233,316
12,13
188,254
144,185
22,23
20,23
125,217
4,5
496,594
83,112
76,86
429,497
107,118
82,92
132,172
13,13
61,69
4,4
102,132
658,730
812,886
53,55
761,835
340,349
90,97
255,376
96,142
415,439
240,285
5,14
304,361
131,150
221,264
301,342
139,168
640,744
239,513
320,393
7,7
296,362
231,299
5,6
220,269
83,183
11,16
3,3
20,30
95,135
148,200
150,189
7,14
316,562
342,557
64,69
456,476
539,598
7,7
366,659
82,114
156,186
214,239
86,88
10,11
231,300
3,3
75,78
308,541
164,184
145,153
70,95
149,239
9,10
125,139
63,64
3,7
89,98
204,245
24,26
3,3
367,531
158,179
114,127
13,17
135,172
33,43
307,468
128,134
7,7
31,32
52,65
218,225
525,649
234,329
66,95
176,225
43,47
18,27
258,402
96,138
6,12
2,2
78,89
6,7
76,81
362,584
27,27
87,103
24,32
1,1
237,301
2,2
328,360
8,8
7,7
38,39
5,5
97,134
20,34
290,538
265,379
12,13
58,66
27,27
32,36
20,20
299,309
139,198
137,175
73,74
74,87
337,397
19,24
60,62
7,10
170,191
119,124
15,18
91,105
46,49
263,385
180,275
260,399
472,495
57,62
229,246
3,3
232,323
37,39
316,337
228,375
33,47
105,127
484,578
169,181
198,307
26,34
2,2
228,284
5,13
21,21
86,114
3,3
767,897
245,416
39,45
662,743
46,46
7,7
225,258
746,796
34,37
233,245
217,278
9,10
143,212
3,4
555,593
28,33
163,178
0,1
271,306
266,343
84,93
300,312
181,238
135,137
146,171
59,74
59,64
127,133
3,3
127,164
41,54
98,116
68,76
10,10
40,40
192,234
198,241
277,318
408,644
127,150
51,59
322,334
317,332
164,223
5,6
34,36
211,377
323,355
4,5
107,117
6,7
274,302
677,776
689,737
236,286
88,104
98,114
16,16
419,499
64,69
3,3
72,82
536,593
104,140
32,36
126,159
90,101
147,150
112,121
64,65
223,248
48,66
124,202
255,318
132,133
154,187
145,171
107,161
352,536
102,113
0,1
50,66
372,411
34,39
131,138
235,421
166,193
33,33
0,2
213,274
28,30
149,305
254,356
236,243
97,123
65,73
88,113
138,172
10,13
101,147
86,115
95,110
349,357
235,322
298,328
9,12
2,3
37,52
58,71
85,117
109,119
3,3
8,8
60,64
282,440
211,349
468,656
18,21
55,79
139,191
183,185
110,137
125,177
75,89
130,142
1,2
134,153
138,145
403,711
250,303
235,392
382,417
10,10
509,570
135,210
68,83
268,287
95,101
20,31
815,884
310,391
100,131
480,566
3,3
306,328
8,17
81,106
89,109
8,12
179,206
19,23
172,225
176,205
111,173
206,208
74,75
121,133
268,336
326,397
212,251
142,175
90,127
486,563
110,165
105,142
71,96
28,31
177,253
86,123
279,326
123,150
138,148
35,35
11,12
36,36
243,278
130,160
104,174
274,283
94,107
193,205
210,217
61,64
6,10
19,23
164,197
3,4
197,213
344,445
158,233
20,24
21,25
73,113
208,248
22,27
222,320
183,203
242,293
111,203
237,286
57,67
100,107
198,257
241,264
246,301
302,308
88,149
53,72
88,125
111,165
26,36
15,15
75,81
742,900
127,196
5,6
242,338
153,209
48,51
375,448
249,503
25,32
53,57
254,326
227,257
288,396
178,184
135,151
102,105
11,16
450,530
173,220
2,2
256,285
13,17
11,11
225,334
76,84
35,38
42,53
230,438
278,428
323,363
131,186
333,374
92,111
3,4
15,18
220,283
642,750
96,123
300,425
56,60
3,3
652,724
108,122
469,553
158,208
34,36
2,3
3,5
346,435
474,492
180,196
24,24
104,116
2,2
189,272
75,90
55,58
255,356
259,294
256,274
451,525
170,190
255,313
145,173
208,222
21,32
162,172
71,84
147,167
85,94
317,396
186,205
99,124
337,521
188,238
222,363
49,70
214,240
5,5
153,206
80,84
10,13
3,4
155,174
197,225
133,146
7,8
155,235
23,33
144,187
245,535
146,177
129,149
37,37
411,497
564,641
342,493
32,38
60,64
10,11
156,185
28,32
34,38
392,483
368,565
165,196
159,233
53,61
16,22
25,27
30,37
15,15
108,125
124,125
155,220
609,653
286,337
244,300
1,3
151,157
243,290
100,106
115,123
523,632
75,76
188,194
236,367
70,77
352,365
15,24
54,64
52,67
323,428
121,160
126,204
112,157
331,389
171,182
49,53
91,122
114,150
184,313
98,105
29,33
120,144
146,203
41,42
47,54
116,130
279,304
176,250
248,270
16,16
91,105
166,276
221,397
4,5
9,9
375,475
85,140
38,45
9,10
113,128
209,260
107,158
692,817
127,155
386,409
120,144
62,65
128,135
38,49
289,308
390,715
1,5
10,12
97,103
52,54
11,12
29,31
9,11
84,95
427,598
478,514
42,46
26,51
284,452
29,30
65,88
2,3
401,619
195,254
11,11
17,21
289,334
89,108
184,311
111,127
64,136
269,281
2,2
171,225
40,43
450,473
211,232
88,102
6,6
14,15
39,79
35,40
91,99
172,242
390,461
124,221
377,410
46,52
3,5
85,162
46,70
56,60
46,63
93,120
492,513
351,373
415,450
57,86
225,394
108,120
15,24
2,3
7,7
6,7
55,84
736,818
228,270
192,225
13,14
140,166
133,162
56,60
7,7
652,668
147,175
90,94
796,900
289,344
86,96
362,417
48,52
303,443
345,351
185,261
191,203
14,14
106,130
128,190
220,290
16,16
6,7
480,512
219,365
138,146
60,73
258,356
20,24
8,9
186,256
155,162
4,5
244,302
167,204
23,33
18,19
246,315
175,243
124,132
39,42
37,37
176,213
21,24
42,50
70,73
500,519
242,350
121,133
63,81
19,26
156,223
28,29
278,305
12,12
283,314
193,306
127,132
4,4
181,215
251,322
64,98
288,436
514,604
116,157
549,597
13,13
5,5
7,9
30,30
5,15
77,114
5,5
288,312
30,33
52,60
431,450
152,190
365,651
314,505
101,104
9,10
57,57
193,283
397,425
34,37
126,153
3,5
6,12
184,198
139,176
9,13
90,120
47,50
233,310
17,19
692,808
157,190
8,13
1,1
184,242
14,14
30,32
67,76
80,93
460,555
115,154
5,8
151,185
52,78
9,12
49,62
317,560
63,81
83,97
558,668
2,3
137,240
48,53
88,90
530,596
1,1
324,387
190,207
317,362
13,14
376,559
264,311
34,35
646,759
5,6
10,10
386,417
400,414
229,234
116,123
112,176
88,107
158,237
12,15
3,5
64,67
127,132
4,5
104,132
3,4
267,295
170,197
93,96
45,57
23,43
17,17
409,428
202,369
76,95
301,335
152,199
148,154
195,251
170,178
349,593
312,336
118,175
242,286
100,146
261,348
155,157
148,180
33,34
292,338
10,10
434,456
134,150
10,15
744,852
171,289
163,221
374,414
256,267
273,439
138,185
332,431
400,710
379,399
91,113
26,41
249,416
101,110
27,31
143,160
192,398
80,96
50,55
330,343
58,65
177,196
152,162
613,651
58,70
80,97
1,1
11,13
284,481
263,297
367,396
15,15
38,65
38,56
38,41
144,150
385,441
335,370
757,894
61,66
322,499
94,134
67,78
787,884
189,240
156,194
234,334
149,224
6,6
82,106
712,772
3,4
14,17
143,222
244,427
5,8
53,62
46,71
81,110
403,410
191,254
39,40
142,146
451,517
783,913
424,500
18,18
53,63
104,108
10,10
112,117
212,286
26,31
98,111
119,124
82,89
343,397
206,237
86,102
17,18
362,367
304,336
122,124
40,42
327,393
215,228
7,7
91,122
28,38
335,528
116,124
88,92
50,60
120,136
25,30
807,892
104,116
1,1
99,156
5,6
36,38
158,196
28,33
176,179
44,48
141,190
28,32
27,27
5,8
479,538
200,210
48,50
83,90
108,129
59,59
5,5
4,5
305,361
523,532
236,271
227,260
83,104
114,201
111,164
53,56
437,463
751,844
458,524
106,124
189,263
39,44
65,84
15,19
37,50
95,98
214,301
25,37
9,12
403,471
76,85
79,88
222,350
290,460
101,107
17,22
218,238
189,213
93,95
103,119
31,35
2,2
4,4
4,4
629,705
11,11
102,110
126,134
5,5
186,195
230,292
156,170
57,59
11,13
23,28
75,97
203,291
8,9
153,179
346,352
76,82
474,515
432,445
152,218
248,268
12,14
60,78
178,197
179,214
7,7
94,108
54,77
802,970
62,74
144,287
187,247
56,64
54,60
190,197
122,147
151,197
13,24
361,384
513,530
12,13
102,125
44,48
228,292
33,35
327,376
8,8
109,129
40,46
1,1
73,76
260,300
169,356
258,319
14,14
258,294
53,53
16,23
540,592
302,324
253,275
66,75
99,138
388,654
145,184
68,77
530,542
41,62
330,355
371,484
13,13
89,107
516,586
29,29
29,40
86,101
2,2
115,150
263,371
19,20
88,104
78,87
177,228
101,141
19,26
69,79
209,224
99,126
14,16
176,214
198,227
29,30
5,6
103,116
11,12
248,338
79,92
200,225
117,159
129,141
33,35
137,200
16,18
162,195
48,56
627,779
8,8
628,662
100,121
13,20
131,158
101,107
266,319
115,152
242,321
89,96
127,183
162,221
3,3
71,79
280,296
95,106
72,72
239,254
240,366
24,29
196,332
77,85
227,252
8,8
215,257
23,36
115,118
104,126
161,172
5,5
70,80
87,94
95,124
143,195
43,50
126,147
17,19
95,108
258,263
11,16
349,369
73,74
19,26
23,34
434,707
83,92
89,123
97,111
114,116
317,513
30,30
295,365
115,165
13,16
156,173
279,382
311,444
149,167
69,82
61,61
30,35
12,12
251,383
177,217
155,188
340,549
379,441
130,204
487,547
2,2
201,205
6,6
179,253
187,274
34,46
24,24
116,159
59,76
476,517
17,20
258,295
92,116
20,22
104,110
9,9
64,87
141,147
1,1
192,277
506,610
362,461
146,214
5,7
204,224
157,184
87,89
1,2
640,672
26,51
262,358
39,48
116,181
104,149
88,150
170,221
252,287
265,356
62,64
2,2
314,457
179,218
21,28
97,121
231,266
115,203
181,258
80,92
106,139
115,142
6,8
97,129
84,106
139,142
43,45
289,308
4,5
79,86
85,93
112,129
367,444
63,66
15,16
286,487
11,14
166,200
31,42
141,171
75,92
105,118
28,30
3,4
121,187
10,10
211,326
197,315
194,266
2,3
17,18
218,296
134,149
4,5
316,343
104,155
161,196
45,45
29,35
5,5
154,188
433,541
18,23
139,144
87,100
273,284
261,272
41,41
2,2
109,136
6,6
317,449
171,179
134,146
324,504
6,11
241,340
141,192
102,114
95,115
378,542
9,11
3,3
43,50
122,124
199,237
110,130
170,200
221,386
769,873
35,47
139,185
146,198
51,51
19,23
10,13
594,622
10,10
501,532
5,9
9,9
99,127
47,78
142,195
393,420
121,135
361,423
164,195
23,26
148,199
117,129
262,326
13,15
24,27
157,160
6,6
213,285
43,56
2,3
456,524
177,304
13,16
73,93
5,6
139,148
43,48
204,234
6,8
208,220
17,34
37,47
65,92
155,202
37,42
72,89
109,115
4,5
369,454
31,46
86,112
14,14
265,317
522,572
73,77
183,222
368,395
33,39
157,189
483,568
120,182
300,374
4,4
6,6
4,4
208,252
115,155
23,23
101,145
82,117
5,5
573,585
350,416
314,340
15,17
172,232
12,14
22,23
367,463
265,361
56,61
74,86
133,148
5,6
98,105
136,183
95,106
190,220
73,79
37,56
99,99
139,154
165,177
115,164
37,40
28,29
63,76
184,301
147,201
17,19
10,13
154,205
408,612
19,25
149,189
18,19
286,306
44,62
19,28
160,228
127,301
39,42
135,182
22,27
71,102
3,3
100,127
228,268
374,400
33,34
133,156
345,361
3,3
199,253
104,109
263,290
89,106
131,140
559,580
316,475
201,233
176,237
21,21
131,197
100,115
5,8
153,178
184,191
11,12
61,87
158,187
301,366
51,80
232,276
223,338
252,377
15,16
578,616
22,22
365,434
101,104
245,282
180,201
6,6
373,429
153,238
207,309
221,294
6,7
210,228
5,6
31,43
31,32
99,118
111,118
142,161
316,435
259,268
19,19
144,216
185,226
3,5
32,32
113,147
37,38
116,122
22,23
14,17
180,236
33,35
3,4
118,126
202,244
117,170
4,6
49,55
548,568
134,158
651,677
125,175
168,203
5,5
293,323
67,97
24,25
1,1
1,1
36,43
162,195
64,92
143,153
93,113
306,351
110,165
81,119
495,531
109,129
46,49
373,421
217,272
3,4
116,138
154,203
15,15
48,59
28,30
5,6
297,308
214,290
147,297
570,669
21,22
34,39
281,449
6,13
220,388
154,203
63,72
347,626
156,211
278,328
15,18
23,26
21,32
107,128
36,39
222,342
453,493
190,220
351,374
24,26
56,63
56,70
155,208
548,671
30,31
76,91
191,206
4,4
100,101
170,237
80,101
531,552
106,113
60,74
102,135
4,4
411,432
161,202
260,389
48,60
34,36
6,8
283,297
237,387
2,4
27,30
259,348
308,340
150,175
41,50
108,135
312,357
48,48
3,3
4,4
101,132
162,173
104,106
2,2
269,285
23,29
55,58
2,3
285,288
88,94
81,89
338,690
218,228
166,172
328,359
29,44
2,2
302,358
234,283
116,126
62,75
1,2
79,84
31,31
83,105
420,471
224,296
12,20
160,210
276,376
93,181
124,149
5,5
22,28
3,3
351,368
47,52
161,190
48,68
296,435
432,470
113,143
551,582
296,327
115,118
212,246
381,406
279,330
86,106
4,5
171,215
226,281
62,71
22,26
7,8
79,83
135,159
413,417
486,576
193,254
179,214
36,36
857,968
12,12
16,19
198,272
48,63
168,176
357,648
4,4
37,50
125,163
6,15
8,12
222,291
16,20
120,162
10,10
234,267
502,552
78,105
53,54
251,307
13,17
119,147
608,639
202,290
56,75
253,380
21,26
254,384
4,6
49,56
87,91
675,694
48,52
179,181
148,295
157,208
3,3
157,195
250,354
458,482
116,173
128,141
90,108
786,878
40,42
238,411
267,406
225,251
547,643
381,452
181,224
196,280
42,43
343,398
254,483
203,258
140,173
22,35
147,165
242,255
178,254
6,6
128,209
291,452
163,176
189,194
8,8
533,557
522,529
318,342
219,268
126,151
232,306
11,13
3,3
53,75
142,169
404,474
238,297
110,121
192,306
104,115
6,8
208,322
109,112
130,159
305,543
245,281
84,104
187,276
165,172
45,47
279,432
197,202
292,535
59,62
43,46
58,62
128,187
6,7
252,264
138,145
6,6
64,94
6,7
22,29
71,71
292,403
106,122
113,145
489,507
185,256
384,408
426,480
113,140
263,489
6,7
155,159
6,6
78,113
6,6
162,165
769,872
47,60
295,311
2,2
2,4
218,377
100,106
4,11
21,24
454,694
279,411
51,91
131,176
25,35
6,7
82,100
3,3
7,7
3,5
523,546
19,23
7,11
400,421
201,208
3,4
156,178
296,304
3,3
72,121
170,192
468,508
281,299
243,247
117,144
33,40
247,399
354,362
34,48
153,203
510,513
184,266
16,21
411,423
10,11
189,219
3,3
313,325
509,591
7,7
55,60
182,246
88,98
7,7
812,887
11,20
306,563
617,704
164,193
84,100
50,68
72,72
16,17
98,113
198,221
283,333
489,509
395,416
137,147
89,103
19,23
119,121
18,18
310,540
167,226
65,74
5,6
2,2
876,963
246,421
214,465
236,346
72,77
102,139
2,2
49,62
176,243
3,3
59,75
767,838
30,42
214,285
50,50
64,89
9,9
13,18
13,13
436,468
609,667
375,386
87,92
11,11
6,7
305,626
60,86
2,2
64,64
44,46
85,90
102,111
92,113
53,72
352,398
19,29
299,304
123,157
356,390
70,85
144,154
89,152
78,95
244,373
7,9
108,124
3,3
285,369
8,10
116,183
6,6
225,280
2,3
227,278
21,24
61,65
144,172
4,5
2,3
299,353
81,99
54,56
156,269
14,14
55,69
2,2
2,3
161,195
88,105
163,331
339,564
2,3
171,214
599,611
247,331
234,308
380,385
134,188
34,46
35,38
78,101
25,35
383,623
107,137
737,827
39,39
178,190
210,247
355,568
126,152
221,374
39,45
142,192
163,233
264,390
19,29
69,69
90,146
35,40
289,315
270,346
9,10
2,3
34,35
50,64
60,75
94,100
31,31
68,77
135,139
1,1
5,5
25,27
9,10
114,147
141,153
239,240
169,224
11,12
257,354
8,8
25,26
3,4
2,2
157,249
388,585
6,6
734,837
6,8
56,60
146,259
32,43
361,399
16,19
325,351
182,199
320,349
172,281
246,288
261,375
20,30
318,351
382,403
208,306
195,228
271,451
62,69
82,87
49,65
119,173
54,70
81,90
32,39
159,169
128,156
38,48
249,274
134,145
6,6
197,214
84,88
126,174
562,640
269,341
253,259
260,297
6,11
11,12
266,358
107,166
23,24
62,75
244,391
105,119
260,313
2,2
63,64
3,4
16,17
6,6
26,28
150,176
1,1
118,129
257,363
11,21
116,133
215,325
444,468
77,98
52,63
102,112
223,324
184,238
129,188
238,363
220,239
160,203
85,97
73,93
132,224
276,314
64,88
115,153
30,48
179,205
79,80
26,50
42,43
64,80
39,41
442,457
240,254
274,313
98,111
130,214
92,171
207,241
175,251
67,78
101,111
27,28
19,21
21,22
281,316
74,81
223,230
3,5
192,314
57,62
148,156
120,178
767,877
394,406
271,287
28,31
3,3
124,179
71,90
194,243
1,1
36,39
110,122
3,3
10,12
155,191
412,463
5,5
217,260
629,648
277,352
431,497
21,25
217,271
18,21
18,18
113,119
40,41
178,235
7,12
188,197
243,504
230,331
59,70
174,224
270,330
63,64
304,410
143,155
135,137
171,229
28,29
124,152
174,287
216,354
57,67
128,133
175,215
238,299
68,70
14,15
317,362
189,268
53,72
348,383
354,575
46,60
33,50
75,98
240,276
117,186
25,28
5,6
88,97
155,180
31,37
45,53
330,605
421,686
2,4
53,59
8,14
765,827
3,3
8,8
74,89
1,1
130,152
145,262
25,31
190,359
5,6
124,156
1,1
247,264
139,214
6,6
87,97
67,69
9,10
29,34
166,219
1,1
12,14
73,80
49,54
176,209
398,432
130,172
220,253
140,202
6,6
259,286
232,271
8,8
1,1
217,275
19,20
15,19
174,180
8,8
496,723
135,141
229,276
98,156
185,327
103,105
126,185
4,6
292,392
129,139
5,5
358,621
78,81
7,7
52,55
104,147
104,130
79,87
267,359
96,120
96,122
12,14
128,143
5,6
55,61
25,32
9,12
105,127
681,767
97,108
128,171
223,292
360,635
137,215
222,476
258,442
751,858
55,69
262,267
151,209
150,178
25,28
107,110
259,293
271,327
351,395
224,285
34,36
1,1
296,301
83,104
161,225
176,258
95,99
260,316
265,285
400,427
311,334
165,168
239,449
192,222
111,120
41,54
397,525
246,290
256,338
38,55
268,452
303,521
576,624
111,124
148,191
708,774
445,582
90,113
13,17
321,338
79,122
218,292
82,91
290,337
86,105
38,43
2,3
50,57
65,94
1,2
122,130
52,62
293,373
43,55
56,84
14,20
140,174
59,66
258,299
65,71
2,2
73,88
531,640
72,78
1,3
29,38
6,6
367,387
3,5
6,7
3,3
2,4
91,127
55,60
452,487
4,5
41,55
97,132
71,79
74,85
1,1
45,59
296,439
29,33
202,304
364,615
192,211
79,91
21,24
252,360
6,7
350,452
372,400
20,36
12,15
62,67
98,100
4,4
211,343
106,111
18,27
459,524
108,145
15,17
105,161
27,29
56,85
282,302
218,250
75,77
72,99
48,55
29,37
498,566
69,76
132,156
169,211
780,808
211,288
69,74
151,221
156,208
445,498
2,2
8,9
95,102
133,167
27,32
318,334
139,139
53,59
118,173
70,79
99,141
15,23
19,23
82,83
8,8
398,435
646,659
108,222
122,157
29,41
83,106
128,162
381,743
242,321
62,71
104,138
208,219
213,235
289,319
1,1
46,51
500,556
210,306
52,62
399,627
584,665
372,639
196,418
20,33
170,237
132,174
74,98
10,11
239,313
8,9
346,544
312,420
254,264
54,64
531,554
15,15
114,129
501,543
530,585
63,90
210,217
18,18
364,486
67,83
27,30
308,318
4,4
91,125
31,33
10,10
124,136
27,28
6,6
208,238
2,6
7,8
184,250
3,3
222,294
80,92
10,11
177,262
262,263
105,110
327,355
65,95
134,190
187,210
262,302
23,23
144,147
89,129
94,104
41,48
41,45
175,289
4,8
60,70
157,238
19,26
5,5
19,30
319,347
190,209
480,550
76,76
103,149
124,131
155,200
288,492
98,125
7,13
22,24
174,205
119,193
132,155
219,222
48,60
258,385
196,249
202,281
26,30
7,7
11,27
28,28
9,14
52,57
253,398
100,116
6,7
240,272
287,360
397,465
398,453
668,680
189,302
110,161
123,186
16,19
59,86
373,424
27,38
5,5
26,26
99,125
96,116
188,197
50,60
235,410
16,16
94,106
48,62
54,75
144,166
178,187
359,476
146,168
100,126
486,530
67,76
73,98
274,298
92,147
230,341
347,403
388,415
213,273
595,642
134,196
7,7
80,108
305,389
136,165
8,9
83,83
100,115
12,12
91,127
118,125
47,52
105,117
208,221
2,2
389,647
8,12
240,299
6,6
226,231
112,118
11,13
175,187
251,308
6,6
4,6
19,21
232,339
29,36
194,225
166,260
7,7
195,205
170,222
126,145
133,146
110,127
67,93
125,162
233,267
228,254
281,329
61,68
188,296
46,121
95,127
147,192
319,537
155,194
12,13
3,3
21,27
315,335
10,10
234,329
103,119
132,136
107,144
234,263
104,107
373,491
39,46
147,155
100,115
238,273
10,13
253,405
744,871
254,379
14,17
205,275
102,131
238,310
216,281
30,34
7,8
509,544
175,180
68,100
127,163
719,750
220,340
118,174
176,240
6,12
5,5
95,130
125,178
284,556
202,260
156,159
22,22
209,248
291,322
21,31
86,122
1,1
704,795
4,9
276,381
21,24
56,101
71,89
87,90
72,82
169,200
19,27
32,35
9,13
28,33
19,24
253,302
622,646
18,19
384,731
202,228
197,345
197,219
118,131
62,67
359,398
30,33
20,21
363,377
3,3
158,180
188,212
20,21
91,95
172,195
24,31
281,503
48,91
164,234
145,171
5,5
13,13
334,522
3,6
138,168
227,234
2,3
11,16
329,373
49,55
338,491
65,80
335,386
75,81
9,16
6,7
111,116
79,91
446,663
36,36
165,206
20,20
71,72
245,270
478,547
0,4
501,551
201,205
121,153
11,15
160,195
141,223
232,323
280,382
166,203
354,377
67,88
118,176
45,55
20,31
81,108
22,22
436,445
156,204
21,24
670,688
6,7
172,249
13,15
22,28
130,144
52,58
1,1
661,681
23,23
369,595
129,143
142,263
6,6
41,43
95,97
89,92
3,3
134,158
254,276
109,132
224,432
178,195
101,140
46,67
24,31
439,514
10,17
70,76
36,40
348,606
66,85
72,93
9,14
241,360
3,3
148,159
415,440
220,227
74,76
3,5
342,515
156,197
94,103
362,416
85,105
151,213
331,351
186,203
24,25
168,202
177,215
7,7
6,6
102,108
162,236
197,272
31,37
41,49
65,95
153,231
134,176
19,20
211,232
220,241
55,90
11,11
158,162
224,257
12,18
173,191
27,27
50,59
312,374
56,67
80,107
5,5
95,101
62,68
4,4
26,47
176,188
75,84
161,188
4,5
256,311
164,232
83,89
134,151
102,115
235,255
286,328
436,703
18,20
1,3
313,330
30,32
28,40
126,165
155,171
2,2
26,28
174,190
325,379
108,157
46,50
188,218
0,1
45,48
47,50
417,441
195,224
141,250
34,35
9,11
19,31
209,221
4,4
195,219
53,63
4,4
180,216
2,2
134,158
156,222
100,111
435,670
264,316
489,520
300,389
41,41
240,328
633,673
47,79
8,8
186,312
314,436
19,21
175,236
217,244
504,523
95,103
107,127
7,7
98,145
255,446
273,492
97,126
61,73
11,13
161,198
94,110
64,80
155,161
370,410
5,6
25,26
118,198
111,126
215,347
267,301
433,489
122,133
237,297
11,13
226,240
97,126
53,60
174,211
50,53
93,118
178,226
38,49
172,237
77,86
4,7
243,313
26,26
212,277
3,3
26,27
181,243
219,287
291,414
360,414
201,371
596,653
294,338
4,4
380,492
47,53
133,150
247,395
19,27
31,39
59,67
7,16
80,86
171,227
12,12
9,9
571,613
264,309
182,253
218,232
29,35
60,84
241,369
45,53
251,292
192,194
302,328
142,180
20,20
120,121
314,337
132,168
45,48
173,207
16,17
45,48
346,525
232,303
16,20
233,365
114,159
29,30
117,160
2,3
54,57
127,174
135,149
96,112
125,138
265,299
241,475
67,82
1,1
20,26
224,324
270,312
4,4
338,388
131,161
14,14
242,341
207,322
9,15
305,335
3,3
30,33
183,230
122,145
252,518
115,160
158,174
163,188
150,163
147,159
5,12
47,52
2,2
70,73
53,55
7,8
17,18
402,596
32,35
15,18
51,62
189,280
59,63
20,20
150,191
309,383
5,5
99,146
208,260
139,143
331,609
350,474
170,192
33,36
255,392
17,22
4,12
101,103
31,33
4,4
374,416
151,217
18,20
31,35
21,22
418,668
56,59
382,408
292,322
231,314
129,178
63,66
156,205
189,219
139,166
212,335
112,127
116,134
40,47
32,38
327,338
92,113
140,160
296,385
314,319
22,26
9,10
312,495
45,71
181,194
141,174
131,153
301,528
8,8
96,113
102,116
114,159
282,325
58,58
230,239
70,74
80,93
20,28
200,219
93,109
51,54
423,487
4,5
129,147
5,6
137,173
68,75
189,213
249,304
163,186
154,202
203,236
62,69
37,49
8,8
361,584
24,24
6,6
28,31
234,496
12,18
621,738
220,243
24,27
126,147
304,327
4,4
376,446
750,867
92,154
154,179
31,33
118,141
217,311
389,398
324,422
122,138
516,520
1,2
5,6
298,328
162,167
393,418
102,130
40,66
8,12
758,797
2,4
109,115
26,35
48,49
53,77
268,336
387,390
27,39
2,2
204,229
4,4
1,1
37,45
391,432
1,2
16,16
124,130
766,888
192,322
245,336
161,226
103,136
335,382
298,326
155,168
128,152
2,2
27,34
187,219
67,69
745,839
3,3
223,322
137,232
82,88
11,12
36,47
369,554
114,149
83,116
727,770
97,144
4,13
169,230
3,5
316,325
2,2
707,808
18,23
29,30
170,203
238,248
127,141
11,12
1,1
212,253
132,181
13,13
142,164
130,133
112,122
20,25
212,267
539,551
377,434
11,14
108,114
175,263
18,20
46,47
493,556
24,26
71,99
183,215
245,407
186,255
101,110
426,437
297,317
2,3
339,560
22,30
150,375
185,236
1,1
652,689
144,167
106,128
83,117
210,365
245,282
109,128
112,118
141,178
109,121
127,138
262,290
230,270
7,14
148,208
23,24
111,138
787,891
64,69
153,197
24,36
12,21
14,16
241,249
221,225
634,757
25,36
9,11
3,4
166,220
226,302
96,125
258,262
36,42
231,312
265,313
2,2
68,73
51,56
123,152
278,401
59,66
18,31
4,6
349,585
171,219
204,235
221,292
242,425
10,10
509,579
112,145
78,82
75,84
31,48
105,117
194,277
2,2
179,228
77,88
95,114
74,93
78,98
60,68
157,205
216,415
169,243
368,396
205,249
69,93
490,553
83,87
115,163
119,153
379,635
24,26
281,309
340,580
366,394
13,17
80,81
260,319
33,34
44,45
205,313
354,397
6,8
78,91
209,251
81,90
190,217
60,72
649,681
117,129
122,140
1,1
235,372
142,220
127,135
305,308
109,120
217,350
222,225
69,70
106,112
276,497
103,131
98,103
7,8
24,27
184,192
14,15
141,192
17,25
28,31
514,550
136,190
55,57
129,227
93,190
268,567
250,333
174,225
142,178
9,10
248,295
152,183
4,5
73,106
317,494
162,182
282,449
147,313
19,20
213,223
36,36
48,56
235,290
94,113
171,206
298,309
9,10
167,204
150,201
40,41
404,560
115,145
175,181
6,6
620,722
19,21
7,7
57,65
16,22
128,140
189,212
128,184
72,84
278,287
1,1
479,551
127,146
17,18
222,288
64,70
126,174
10,11
165,223
47,69
81,120
254,311
289,377
36,39
6,8
149,218
214,235
55,61
111,118
7,14
2,2
9,11
39,42
226,397
8,11
85,109
121,153
106,122
17,21
211,292
8,8
130,175
12,22
51,75
71,101
111,142
128,131
44,51
69,94
224,322
13,13
297,348
32,46
88,100
56,78
20,28
116,149
30,32
265,284
60,63
69,94
72,80
77,94
608,627
24,26
7,13
35,39
16,17
147,218
113,117
5,6
82,86
136,159
241,401
118,212
198,243
37,38
201,215
193,255
432,476
55,69
78,84
414,514
47,47
6,11
19,23
160,182
637,668
40,42
278,501
116,159
205,261
13,15
147,174
460,489
121,166
56,68
88,112
2,2
222,228
66,88
344,356
393,410
182,213
5,5
232,433
97,99
3,3
5,10
126,135
59,65
35,37
102,115
366,412
153,190
160,209
7,10
132,140
6,6
15,20
17,20
341,401
357,460
425,446
144,162
88,107
32,34
1,1
417,449
89,131
18,21
22,29
301,314
70,71
3,3
7,7
141,177
133,152
25,28
227,337
28,32
94,152
247,271
30,33
83,96
24,29
10,13
74,78
60,72
150,187
233,274
617,632
354,384
6,7
38,50
387,404
168,253
58,71
226,486
77,147
122,198
196,232
422,451
5,5
186,253
43,45
470,556
15,19
4,4
34,38
202,274
13,16
2,2
46,57
170,305
335,531
64,77
121,133
18,18
165,185
106,139
269,283
474,489
142,177
112,135
101,105
533,549
95,118
5,5
4,5
230,294
16,23
118,127
248,303
159,247
72,74
409,520
15,16
360,509
26,44
104,127
68,69
50,56
243,257
134,162
30,38
179,182
48,52
5,5
213,257
1,1
274,309
113,178
2,4
212,224
108,119
143,161
3,8
113,119
329,353
8,10
61,62
103,108
6,7
518,559
107,112
7,7
102,111
241,428
179,185
688,782
42,48
114,177
386,578
136,180
22,24
316,350
229,241
49,62
87,143
378,398
155,304
224,292
166,185
108,138
171,198
312,328
3,3
67,72
4,4
161,185
13,16
688,812
119,123
5,5
99,102
261,615
146,200
90,94
236,441
43,46
16,16
245,418
163,181
8,10
110,151
109,137
44,54
300,443
10,12
107,182
85,155
139,161
233,274
171,189
216,362
1,1
41,50
199,290
7,10
224,359
252,260
2,2
185,227
348,464
318,685
36,37
780,863
228,271
161,239
100,112
221,435
80,114
2,3
253,308
128,178
38,42
20,20
270,286
243,280
33,37
192,324
196,284
714,734
231,283
591,618
149,212
2,3
150,275
165,203
3,3
151,197
116,177
208,253
119,146
156,208
322,391
28,36
217,363
108,128
151,193
164,220
14,21
321,362
226,278
95,113
171,242
196,211
5,11
461,504
3,5
3,3
252,351
21,26
402,431
310,399
46,58
163,174
115,144
167,177
151,168
437,452
23,29
342,610
126,178
103,174
318,376
13,14
81,95
8,11
9,12
42,47
78,100
193,240
648,673
391,479
329,554
3,3
8,8
45,45
108,111
178,232
26,28
506,556
437,456
461,504
83,94
32,34
264,350
69,73
666,692
107,114
41,52
298,307
6,6
11,12
114,124
22,22
112,117
130,150
218,249
114,148
119,141
166,217
6,10
180,273
3,7
692,725
131,164
238,296
12,18
189,210
3,4
3,5
381,492
238,299
114,182
111,141
4,4
32,32
455,485
213,293
197,256
5,5
154,190
201,402
31,49
104,107
1,1
212,353
71,73
213,264
104,108
506,552
124,146
132,133
372,488
33,36
2,2
99,129
45,51
744,853
221,280
170,183
13,28
23,38
39,47
24,24
102,106
77,90
5,5
115,141
325,360
293,343
107,112
25,25
252,382
209,332
185,208
9,12
152,170
101,108
57,59
101,119
15,25
124,137
40,40
10,17
14,17
119,148
258,371
175,241
83,94
73,83
129,169
11,11
128,134
182,220
245,363
259,332
159,178
161,213
133,144
68,78
51,54
7,8
29,32
200,213
3,5
94,114
10,10
670,692
133,185
59,65
121,122
305,311
153,207
243,268
13,17
6,10
49,57
86,122
9,10
410,438
255,272
4,6
78,86
77,97
29,42
294,459
71,88
12,17
42,45
354,593
2,5
663,700
85,95
253,308
120,140
9,9
338,494
7,16
219,300
169,184
311,551
77,83
301,509
39,49
114,118
209,237
32,40
709,729
45,54
7,7
71,90
36,44
4,6
70,88
332,527
15,21
287,302
107,114
34,38
156,204
20,23
243,275
30,43
57,69
87,118
1,1
128,134
3,3
3,3
147,149
125,158
11,12
76,95
66,68
1,1
330,342
147,158
148,176
74,76
333,400
2,2
108,110
144,154
232,345
16,21
12,12
4,4
29,32
51,62
6,7
14,14
124,186
4,5
275,306
247,249
182,232
19,23
110,139
93,97
154,169
169,180
24,39
11,21
37,38
169,219
627,736
250,285
71,101
121,251
101,137
158,207
4,4
161,176
176,189
89,110
33,52
2,2
72,89
323,384
4,4
169,223
326,353
97,99
225,265
3,4
95,105
104,136
136,164
148,196
166,232
5,5
271,326
197,199
318,321
284,432
85,89
72,74
128,170
151,161
176,239
32,36
15,18
88,93
107,149
171,215
80,94
98,143
149,168
242,305
6,7
209,404
151,174
279,332
3,4
248,402
789,901
304,316
173,264
192,207
29,32
445,511
94,134
121,138
247,333
43,51
9,15
9,16
494,500
196,247
131,179
129,134
97,102
292,334
52,59
315,370
56,61
80,103
160,172
270,301
303,317
256,359
11,11
21,25
80,82
34,35
65,82
27,45
95,102
273,332
628,678
20,20
174,218
1,1
6,6
2,2
377,408
356,536
83,84
149,212
13,23
241,262
232,244
5,5
410,635
173,266
8,11
12,14
127,182
169,196
84,90
92,122
197,219
195,256
175,364
198,248
173,238
183,204
68,69
209,284
106,143
7,7
28,29
9,9
31,42
3,3
4,6
472,495
148,203
219,346
2,7
38,41
328,441
32,42
35,40
111,149
91,110
2,3
73,75
8,10
222,292
81,93
259,289
3,5
7,7
349,603
486,502
6,8
4,4
740,830
55,64
302,419
93,116
170,175
86,130
184,275
6,6
99,104
240,254
47,52
8,8
17,21
68,79
99,124
32,36
16,17
34,35
226,240
167,252
167,268
13,13
168,222
11,12
130,190
252,339
157,193
123,128
116,143
372,660
37,40
415,456
8,8
92,97
25,31
186,201
2,8
209,290
71,75
142,215
634,705
66,66
200,244
116,134
101,134
26,41
286,380
123,201
6,6
38,39
100,121
101,109
605,634
290,351
216,224
30,34
103,141
79,112
131,139
7,7
216,278
9,16
4,8
246,262
60,63
5,19
23,27
314,551
299,361
204,251
6,7
269,438
70,90
232,306
75,98
57,70
188,374
161,190
55,74
7,8
255,295
9,10
177,202
50,59
154,192
10,20
4,4
104,152
112,143
3,3
443,470
100,118
2,2
168,170
110,130
144,165
10,10
283,416
57,70
35,40
45,61
129,304
144,152
76,86
32,35
115,175
161,212
19,19
430,469
15,15
61,69
589,627
185,235
162,247
208,283
2,4
137,170
228,260
195,225
112,137
46,50
145,197
98,105
238,416
34,36
2,2
7,9
206,265
105,108
121,168
208,457
32,47
187,287
255,277
6,6
2,2
3,5
125,167
110,118
21,25
5,5
121,163
8,10
164,189
206,222
298,466
185,247
23,30
235,241
16,21
114,167
115,126
229,234
125,154
156,196
305,327
7,7
27,35
37,42
79,107
43,47
9,9
19,31
337,398
93,133
376,387
788,890
1,2
168,191
80,95
145,179
423,516
72,88
196,329
281,360
22,22
2,2
136,154
265,395
833,917
112,141
146,162
100,117
182,261
133,185
582,698
