temp,cnt
0.32,9
0.22,156
0.24,11
0.68,13
0.88,102
0.72,383
0.4,150
0.42,525
0.74,381
0.74,166
0.42,2
0.62,308
0.66,133
0.3,169
0.32,9
0.28,18
0.54,331
0.14,12
0.36,78
0.52,337
0.6,207
0.6,576
0.74,165
0.68,115
0.24,87
0.7,308
0.24,45
0.62,337
0.54,248
0.42,11
0.64,472
0.7,47
0.82,285
0.22,34
0.56,597
0.5,4
0.58,16
0.52,30
0.56,180
0.72,673
0.34,87
0.26,126
0.5,656
0.32,2
0.52,252
0.84,455
0.72,89
0.42,117
0.42,5
0.42,12
0.5,315
0.46,6
0.4,82
0.76,509
0.74,451
0.26,26
0.62,80
0.38,135
0.22,263
0.5,313
0.78,208
0.52,190
0.76,207
0.58,276
0.38,54
0.26,248
0.6,244
0.52,132
0.7,264
0.22,183
0.34,135
0.24,16
0.76,891
0.26,228
0.36,253
0.8,418
0.24,75
0.78,609
0.48,78
0.62,7
0.7,729
0.68,248
0.24,256
0.7,191
0.24,125
0.2,30
0.46,476
0.26,346
0.4,29
0.44,274
0.74,57
0.32,203
0.36,268
0.42,594
0.26,41
0.36,163
0.62,315
0.66,78
0.28,55
0.4,226
0.12,16
0.26,77
0.7,13
0.4,200
0.3,147
0.72,11
0.3,3
0.62,481
0.36,392
0.5,585
0.86,94
0.4,114
0.64,658
0.42,11
0.66,347
0.4,13
0.6,459
0.72,371
0.54,12
0.32,208
0.74,335
0.6,654
0.88,503
0.46,178
0.7,122
0.54,10
0.24,119
0.28,222
0.16,10
0.52,491
0.42,72
0.22,286
0.22,41
0.66,266
0.54,84
0.32,105
0.7,17
0.68,296
0.8,831
1.0,294
0.5,98
0.3,15
0.76,463
0.24,97
0.3,109
0.66,208
0.64,281
0.62,177
0.58,77
0.34,26
0.3,20
0.7,6
0.32,2
0.3,3
0.38,82
0.32,62
0.66,485
0.2,178
0.48,7
0.58,228
0.26,2
0.62,30
0.42,318
0.26,12
0.28,51
0.56,130
0.6,3
0.6,5
0.64,11
0.54,10
0.28,104
0.52,292
0.56,29
0.46,78
0.54,464
0.2,107
0.72,387
0.34,75
0.26,34
0.14,108
0.28,10
0.26,10
0.18,8
0.28,5
0.32,171
0.5,154
0.52,329
0.72,327
0.74,823
0.4,100
0.4,5
0.7,150
0.24,56
0.64,54
0.72,374
0.34,48
0.66,190
0.72,282
0.28,3
0.66,16
0.56,295
0.8,300
0.82,312
0.42,8
0.56,226
0.34,11
0.44,147
0.22,3
0.32,6
0.58,436
0.72,236
0.24,59
0.76,202
0.24,15
0.3,1
0.5,114
0.42,409
0.46,299
0.62,968
0.16,223
0.36,93
0.62,12
0.7,634
0.24,157
0.54,59
0.26,90
0.34,509
0.24,1
0.44,144
0.32,147
0.6,9
0.24,42
0.36,126
0.7,13
0.26,7
0.26,23
0.7,130
0.66,162
0.6,332
0.64,207
0.64,530
0.5,155
0.42,21
0.64,270
0.66,11
0.24,46
0.18,16
0.36,207
0.74,440
0.72,170
0.4,79
0.34,6
0.12,4
0.74,229
0.78,111
0.38,232
0.64,341
0.26,4
0.58,179
0.36,249
0.36,170
0.54,632
0.52,22
0.3,89
0.7,626
0.68,152
0.8,582
0.68,172
0.66,17
0.12,83
0.32,10
0.32,263
0.6,273
0.58,255
0.78,367
0.74,204
0.82,480
0.58,892
0.82,147
0.64,26
0.52,130
0.34,181
0.58,365
0.24,52
0.32,32
0.68,370
0.3,36
0.4,157
0.7,153
0.3,90
0.54,164
0.18,91
0.26,101
0.38,268
0.42,25
0.5,103
0.34,86
0.52,567
0.5,100
0.24,161
0.7,255
0.7,412
0.2,123
0.26,163
0.46,25
0.4,114
0.72,367
0.72,294
0.32,316
0.52,27
0.3,4
0.14,94
0.5,303
0.6,195
0.46,95
0.4,16
0.66,403
0.54,28
0.34,5
0.42,26
0.18,64
0.26,9
0.28,70
0.6,276
0.46,11
0.8,253
0.7,488
0.26,49
0.8,274
0.6,283
0.18,9
0.28,205
0.4,431
0.3,1
0.52,387
0.54,69
0.68,154
0.68,6
0.54,14
0.3,214
0.76,258
0.68,291
0.24,119
0.24,176
0.38,93
0.58,190
0.66,683
0.7,229
0.16,1
0.54,471
0.44,69
0.92,155
0.56,465
0.42,33
0.68,52
0.24,17
0.68,678
0.32,267
0.44,46
0.3,45
0.52,37
0.22,33
0.24,129
0.2,102
0.18,29
0.44,7
0.84,220
0.42,424
0.7,161
0.64,822
0.34,24
0.6,377
0.86,157
0.76,281
0.68,16
0.74,209
0.2,64
0.26,363
0.38,93
0.28,60
0.72,216
0.52,23
0.66,232
0.14,2
0.4,151
0.54,78
0.52,184
0.4,34
0.82,865
0.76,250
0.24,9
0.26,30
0.76,190
0.74,629
0.74,268
0.28,3
0.14,87
0.22,53
0.74,590
0.56,813
0.34,7
0.6,8
0.2,175
0.26,8
0.48,95
0.72,72
0.54,210
0.76,546
0.22,5
0.22,34
0.16,199
0.8,282
0.34,175
0.72,320
0.26,2
0.4,376
0.2,152
0.36,140
0.22,68
0.18,92
0.4,121
0.72,356
0.5,1
0.74,179
0.42,32
0.4,87
0.5,360
0.2,23
0.96,230
0.72,127
0.36,56
0.72,54
0.5,313
0.44,7
0.48,281
0.5,130
0.3,147
0.24,23
0.74,555
0.34,238
0.62,36
0.44,184
0.56,8
0.4,26
0.12,114
0.74,371
0.32,89
0.16,44
0.36,101
0.44,20
0.38,43
0.18,38
0.6,359
0.82,174
0.38,270
0.9,310
0.24,3
0.7,183
0.3,8
0.72,312
0.66,26
0.32,132
0.38,24
0.66,346
0.32,216
0.3,227
0.58,183
0.22,1
0.6,461
0.32,10
0.56,93
0.36,157
0.72,471
0.46,300
0.88,523
0.82,382
0.46,52
0.4,154
0.5,385
0.62,9
0.66,905
0.64,138
0.2,2
0.4,105
0.56,296
0.32,331
0.72,68
0.44,188
0.52,49
0.7,153
0.18,27
0.16,2
0.22,95
0.36,156
0.38,236
0.36,210
0.54,323
0.58,175
0.24,241
0.3,1
0.6,37
0.7,397
0.6,769
0.44,28
0.84,202
0.42,73
0.54,404
0.7,6
0.28,186
0.8,183
0.74,129
0.6,26
0.68,15
0.68,427
0.56,626
0.22,47
0.38,33
0.2,1
0.22,52
0.62,467
0.32,23
0.2,45
0.66,42
0.32,101
0.72,181
0.38,8
0.56,11
0.14,97
0.22,68
0.32,57
0.26,319
0.32,255
0.32,4
0.34,5
0.6,482
0.52,202
0.38,108
0.68,3
0.22,7
0.46,289
0.6,408
0.68,9
0.72,365
0.14,8
0.78,175
0.68,151
0.26,22
0.52,5
0.6,302
0.62,129
0.38,282
0.16,95
0.56,13
0.26,191
0.3,10
0.36,5
0.4,111
0.34,160
0.36,204
0.42,337
0.4,484
0.66,383
0.86,136
0.56,16
0.26,169
0.16,17
0.2,137
0.54,94
0.7,30
0.64,358
0.6,186
0.68,315
0.8,136
0.42,211
0.2,74
0.14,44
0.42,177
0.62,8
0.6,27
0.7,497
0.72,625
0.4,177
0.7,4
0.36,21
0.6,218
0.62,334
0.62,270
0.46,12
0.44,22
0.26,108
0.42,178
0.46,139
0.24,18
0.52,516
0.72,309
0.46,143
0.64,408
0.4,208
0.44,31
0.62,196
0.62,40
0.4,23
0.6,6
0.76,258
0.5,291
0.18,50
0.6,31
0.8,229
0.74,341
0.5,309
0.18,217
0.38,208
0.3,79
0.2,106
0.76,187
0.42,525
0.6,105
0.7,4
0.32,356
0.44,110
0.82,516
0.3,83
0.72,423
0.38,57
0.72,227
0.6,235
0.32,517
0.46,10
0.76,333
0.46,320
0.9,401
0.78,71
0.9,772
0.66,656
0.36,187
0.46,148
0.5,452
0.42,148
0.5,176
0.38,271
0.62,341
0.64,3
0.52,288
0.68,42
0.22,51
0.52,115
0.32,60
0.2,110
0.7,90
0.7,150
0.72,148
0.66,161
0.66,382
0.86,179
0.74,614
0.22,55
0.52,28
0.2,56
0.7,240
0.32,125
0.56,371
0.22,87
0.86,240
0.76,312
0.32,1
0.22,3
0.52,60
0.32,262
0.66,5
0.8,375
0.84,286
0.28,118
0.34,79
0.56,311
0.34,195
0.22,3
0.36,88
0.62,615
0.82,461
0.8,249
0.52,38
0.3,124
0.54,121
0.84,234
0.36,119
0.6,99
0.3,125
0.4,51
0.46,21
0.44,148
0.26,148
0.62,425
0.76,127
0.2,499
0.4,377
0.56,547
0.74,455
0.4,107
0.54,207
0.64,16
0.66,502
0.42,290
0.34,3
0.34,5
0.62,244
0.46,413
0.6,70
0.44,18
0.62,69
0.64,219
0.34,28
0.58,244
0.7,478
0.64,224
0.44,2
0.24,18
0.92,128
0.46,333
0.76,241
0.52,167
0.12,1
0.46,23
0.48,266
0.56,585
0.36,13
0.48,43
0.6,15
0.86,210
0.6,294
0.4,1
0.6,128
0.68,96
0.7,153
0.66,123
0.64,635
0.48,182
0.62,112
0.36,21
0.84,273
0.44,46
0.66,355
0.2,33
0.26,28
0.36,42
0.66,307
0.72,190
0.6,348
0.26,321
0.26,5
0.38,38
0.52,133
0.78,447
0.26,6
0.56,33
0.32,50
0.4,303
0.8,142
0.72,475
0.64,11
0.2,190
0.52,6
0.3,48
0.56,168
0.72,234
0.76,170
0.34,42
0.62,117
0.34,150
0.62,162
0.56,381
0.06,99
0.66,258
0.5,142
0.54,4
0.5,118
0.7,373
0.34,30
0.24,154
0.6,29
0.38,65
0.64,48
0.24,93
0.26,158
0.42,10
0.78,153
0.44,182
0.28,255
0.74,179
0.82,406
0.9,380
0.76,147
0.44,135
0.36,25
0.64,16
0.24,9
0.68,253
0.56,194
0.62,14
0.24,11
0.56,160
0.8,280
0.54,653
0.36,39
0.6,268
0.62,320
0.64,594
0.76,161
0.82,152
0.74,422
0.66,465
0.3,14
0.44,404
0.14,136
0.32,129
0.4,15
0.22,124
0.6,168
0.42,87
0.46,300
0.6,233
0.66,104
0.42,31
0.5,194
0.72,320
0.24,57
0.26,138
0.64,62
0.72,230
0.66,10
0.22,90
0.44,176
0.7,112
0.58,301
0.18,69
0.76,578
0.36,23
0.64,259
0.7,278
0.66,332
0.44,28
0.5,13
0.66,183
0.66,191
0.62,794
0.56,207
0.46,56
0.32,7
0.36,219
0.56,157
0.54,101
0.84,154
0.62,153
0.38,281
0.62,113
0.56,205
0.74,188
0.5,362
0.22,425
0.8,113
0.6,104
0.34,24
0.66,43
0.46,8
0.8,569
0.24,91
0.42,268
0.22,110
0.62,407
0.58,2
0.46,175
0.44,3
0.8,37
0.26,92
0.94,203
0.58,220
0.62,256
0.64,211
0.66,681
0.48,258
0.56,169
0.62,22
0.5,31
0.82,502
0.76,856
0.74,260
0.52,325
0.22,63
0.32,2
0.6,156
0.12,12
0.24,2
0.38,525
0.24,25
0.78,356
0.64,31
0.7,245
0.46,108
0.74,737
0.6,11
0.34,242
0.46,11
0.16,385
0.54,159
0.76,465
0.26,53
0.48,197
0.52,2
0.62,38
0.36,122
0.54,12
0.4,262
0.22,105
0.72,900
0.62,286
0.58,162
0.74,293
0.42,154
0.7,318
0.22,52
0.42,147
0.34,376
0.64,305
0.46,58
0.58,39
0.44,15
0.46,23
0.56,19
0.5,331
0.7,188
0.36,51
0.38,298
0.54,158
0.36,370
0.62,393
0.52,149
0.36,2
0.5,220
0.44,48
0.34,178
0.18,6
0.5,174
0.62,86
0.6,23
0.5,207
0.26,69
0.5,168
0.14,9
0.62,9
0.42,406
0.16,5
0.36,7
0.44,57
0.18,15
0.64,81
0.6,313
0.66,6
0.42,78
0.32,117
0.46,60
0.16,50
0.68,304
0.6,171
0.28,84
0.3,199
0.34,121
0.46,39
0.62,215
0.56,270
0.7,45
0.58,312
0.74,21
0.8,149
0.7,40
0.14,45
0.62,181
0.32,116
0.58,72
0.76,232
0.5,13
0.64,267
0.6,113
0.34,13
0.3,113
0.44,5
0.82,811
0.7,458
0.56,92
0.3,25
0.26,223
0.64,532
0.5,827
0.24,148
0.42,49
0.42,337
0.22,39
0.68,181
0.34,89
0.5,179
0.74,441
0.4,236
0.26,7
0.68,184
0.44,331
0.32,55
0.5,40
0.44,134
0.92,161
0.72,302
0.82,300
0.82,479
0.72,608
0.62,519
0.7,5
0.62,171
0.8,334
0.12,6
0.8,427
0.7,105
0.56,161
0.24,29
0.32,22
0.26,13
0.54,413
0.74,579
0.3,268
0.38,179
0.6,47
0.72,616
0.56,2
0.38,76
0.3,5
0.32,139
0.4,129
0.16,68
0.76,243
0.6,316
0.44,171
0.82,375
0.36,76
0.3,93
0.3,5
0.54,107
0.44,253
0.48,214
0.7,109
0.46,67
0.3,160
0.22,49
0.28,41
0.34,14
0.64,581
0.78,253
0.46,172
0.48,268
0.16,57
0.22,110
0.4,299
0.76,723
0.72,10
0.54,128
0.82,381
0.72,269
0.6,450
0.5,123
0.76,284
0.58,45
0.66,243
0.54,159
0.6,282
0.5,516
0.9,459
0.54,428
0.68,579
0.54,387
0.54,502
0.24,1
0.76,424
0.74,312
0.74,11
0.9,276
0.44,85
0.4,184
0.46,67
0.16,29
0.7,6
0.44,105
0.64,10
0.62,202
0.66,99
0.3,138
0.4,39
0.42,8
0.64,86
0.4,123
0.66,672
0.58,555
0.3,312
0.66,17
0.3,19
0.16,42
0.54,172
0.64,328
0.36,205
0.72,389
0.34,8
0.84,357
0.52,10
0.6,319
0.52,801
0.78,306
0.7,316
0.56,217
0.68,16
0.46,463
0.48,310
0.6,78
0.9,499
0.38,219
0.76,640
0.56,2
0.62,265
0.42,230
0.86,285
0.86,331
0.72,244
0.7,15
0.72,49
0.3,175
0.62,463
0.54,198
0.22,1
0.58,553
0.1,7
0.74,195
0.34,13
0.56,4
0.64,42
0.72,187
0.64,214
0.52,806
0.5,66
0.56,570
0.34,15
0.6,176
0.38,19
0.7,50
0.58,898
0.32,236
0.46,78
0.46,252
0.48,244
0.56,133
0.74,480
0.14,15
0.3,5
0.64,486
0.2,53
0.72,446
0.34,161
0.42,305
0.5,228
0.18,102
0.34,11
0.74,190
0.72,233
0.18,222
0.4,251
0.82,374
0.74,78
0.4,200
0.74,235
0.3,374
0.5,176
0.84,402
0.68,8
0.82,328
0.32,624
0.74,114
0.52,585
0.14,7
0.6,513
0.7,78
0.7,247
0.3,16
0.76,820
0.36,234
0.28,71
0.8,913
0.76,363
0.2,2
0.66,184
0.42,339
0.8,201
0.52,162
0.58,130
0.5,7
0.38,414
0.82,392
0.9,145
0.7,157
0.8,323
0.52,221
0.26,25
0.6,281
0.34,3
0.54,641
0.52,50
0.44,223
0.34,136
0.42,322
0.14,85
0.82,167
0.62,245
0.3,18
0.52,229
0.64,103
0.62,6
0.74,271
0.72,431
0.74,149
0.7,328
0.72,435
0.66,67
0.24,19
0.5,15
0.54,474
0.42,296
0.56,209
0.24,93
0.3,83
0.7,6
0.72,260
0.4,78
0.56,54
0.76,99
0.38,95
0.3,306
0.36,95
0.84,545
0.34,20
0.38,359
0.16,36
0.64,377
0.68,20
0.34,154
0.2,155
0.3,8
0.2,48
0.64,153
0.44,64
0.82,288
0.5,40
0.16,45
0.66,398
0.26,12
0.26,53
0.24,12
0.26,24
0.4,220
0.66,43
0.32,151
0.76,143
0.38,198
0.24,8
0.66,585
0.42,211
0.52,521
0.6,705
0.54,10
0.72,162
0.68,166
0.48,165
0.42,518
0.3,57
0.36,132
0.54,15
0.36,172
0.58,86
0.06,2
0.22,3
0.32,16
0.44,42
0.72,163
0.2,32
0.22,2
0.62,59
0.44,85
0.6,244
0.38,456
0.46,3
0.24,55
0.46,20
0.72,457
0.2,397
0.16,77
0.44,50
0.64,4
0.78,29
0.74,43
0.44,10
0.34,5
0.82,408
0.7,395
0.1,17
0.42,8
0.36,405
0.7,108
0.46,129
0.42,52
0.2,184
0.2,70
0.74,123
0.58,5
0.52,47
0.44,179
0.82,283
0.4,207
0.1,2
0.4,37
0.3,95
0.66,8
0.76,600
0.22,5
0.54,449
0.4,137
0.52,178
0.22,64
0.5,31
0.42,9
0.72,611
0.36,33
0.52,256
0.62,218
0.34,201
0.28,64
0.9,244
0.22,196
0.62,327
0.68,391
0.52,529
0.6,367
0.18,4
0.82,90
0.66,258
0.24,18
0.74,385
0.72,136
0.44,83
0.7,46
0.52,68
0.8,260
0.24,13
0.68,39
0.42,113
0.72,193
0.28,41
0.36,5
0.72,274
0.3,3
0.76,825
0.48,3
0.42,190
0.74,359
0.46,106
0.88,418
0.52,113
0.2,188
0.44,1
0.26,27
0.36,176
0.92,236
0.74,533
0.22,40
0.42,31
0.26,35
0.5,212
0.6,363
0.92,688
0.64,72
0.34,163
0.56,126
0.54,225
0.3,66
0.76,492
0.22,1
0.54,32
0.42,502
0.46,107
0.36,3
0.62,104
0.7,31
0.68,7
0.62,528
0.44,80
0.56,153
0.46,21
0.3,70
0.66,810
0.6,344
0.7,137
0.4,80
0.32,11
0.68,6
0.36,110
0.3,253
0.62,241
0.16,52
0.22,25
0.72,326
0.08,1
0.68,528
0.3,62
0.7,38
0.6,38
0.32,112
0.36,70
0.8,314
0.76,218
0.76,217
0.48,124
0.7,2
0.78,294
0.42,135
0.54,70
0.42,13
0.24,60
0.4,469
0.68,13
0.5,74
0.54,188
0.6,37
0.44,312
0.7,76
0.6,505
0.7,339
0.46,425
0.42,211
0.6,2
0.6,106
0.22,47
0.4,23
0.6,344
0.3,207
0.28,12
0.66,245
0.76,657
0.56,127
0.54,38
0.7,544
0.7,100
0.24,3
0.38,228
0.44,184
0.64,391
0.56,160
0.9,238
0.66,94
0.5,70
0.94,214
0.58,444
0.64,39
0.2,12
0.72,589
0.3,161
0.7,893
0.46,295
0.36,342
0.32,30
0.7,111
0.74,500
0.26,17
0.7,218
0.8,248
0.6,175
0.22,49
0.22,257
0.7,87
0.7,15
0.22,125
0.84,256
0.32,140
0.64,336
0.44,11
0.72,698
0.64,82
0.5,403
0.6,4
0.34,44
0.14,55
0.16,2
0.64,210
0.22,6
0.3,13
0.22,2
0.32,107
0.74,207
0.58,476
0.26,50
0.66,42
0.12,14
0.16,64
0.82,225
0.74,798
0.22,99
0.48,6
0.4,15
0.7,749
0.6,732
0.3,34
0.54,6
0.26,4
0.56,459
0.5,116
0.54,140
0.32,4
0.7,586
0.7,13
0.22,6
0.82,288
0.2,48
0.34,560
0.7,250
0.16,95
0.54,162
0.42,256
0.74,131
0.5,286
0.86,237
0.16,80
0.16,8
0.66,17
0.42,555
0.56,317
0.56,287
0.68,36
0.32,365
0.66,808
0.62,134
0.34,475
0.56,251
0.8,330
0.32,252
0.64,4
0.64,105
0.62,367
0.56,69
0.24,299
0.76,202
0.72,184
0.64,245
0.44,45
0.6,143
0.8,149
0.48,86
0.34,107
0.48,22
0.74,383
0.22,110
0.52,34
0.66,33
0.72,302
0.28,159
0.66,161
0.36,96
0.46,17
0.28,37
0.36,150
0.36,521
0.3,74
0.18,16
0.24,45
0.8,452
0.54,113
0.66,46
0.44,5
0.54,43
0.9,556
0.38,285
0.3,65
0.58,449
0.16,1
0.56,253
0.66,10
0.24,10
0.36,179
0.5,76
0.36,168
0.3,21
0.36,4
0.72,867
0.16,88
0.56,8
0.64,14
0.64,218
0.24,5
0.64,16
0.64,22
0.16,99
0.16,5
0.2,132
0.58,215
0.32,167
0.36,73
0.38,93
0.64,113
0.24,4
0.32,6
0.14,3
0.34,55
0.46,255
0.54,163
0.7,11
0.32,379
0.36,66
0.16,161
0.2,79
0.48,266
0.64,232
0.92,298
0.56,418
0.4,6
0.38,156
0.7,607
0.22,2
0.4,121
0.54,31
0.44,2
0.76,792
0.46,194
0.92,140
0.72,314
0.34,389
0.3,261
0.34,134
0.8,327
0.38,400
0.88,299
0.26,3
0.38,259
0.16,69
0.34,98
0.18,19
0.36,2
0.34,166
0.76,4
0.7,304
0.4,65
0.28,90
0.38,245
0.74,750
0.7,591
0.56,147
0.3,26
0.68,224
0.32,302
0.42,330
0.64,190
0.72,6
0.26,44
0.56,387
0.32,229
0.24,21
0.34,228
0.24,7
0.08,4
0.42,486
0.68,5
0.6,625
0.3,155
0.24,28
0.36,236
0.22,18
0.68,72
0.7,116
0.72,462
0.64,338
0.2,166
0.3,146
0.26,165
0.52,117
0.92,123
0.4,367
0.02,8
0.52,655
0.32,273
0.26,23
0.7,482
0.44,506
0.54,10
0.6,324
0.76,319
0.52,9
0.24,136
0.5,116
0.8,556
0.52,29
0.5,29
0.34,83
0.72,171
0.54,34
0.7,229
0.44,14
0.64,20
0.3,126
0.58,184
0.46,120
0.54,2
0.36,20
0.64,449
0.26,31
0.14,36
0.48,123
0.32,212
0.58,129
0.68,389
0.3,119
0.62,70
0.68,234
0.76,256
0.26,7
0.46,8
0.94,104
0.6,256
0.58,157
0.62,58
0.4,509
0.16,33
0.52,64
0.46,263
0.54,529
0.34,148
0.32,79
0.32,104
0.24,89
0.9,148
0.42,203
0.34,254
0.5,119
0.74,68
0.2,104
0.72,229
0.44,150
0.38,8
0.32,99
0.7,158
0.38,12
0.8,135
0.52,154
0.64,3
0.66,47
0.54,8
0.38,80
0.36,26
0.66,121
0.34,3
0.7,10
0.36,57
0.62,78
0.16,38
0.46,278
0.2,23
0.3,152
0.68,57
0.7,281
0.52,117
0.22,86
0.8,35
0.72,82
0.28,233
0.4,118
0.36,171
0.18,51
0.3,93
0.52,21
0.24,93
0.02,84
0.46,82
0.3,126
0.62,334
0.38,569
0.38,3
0.86,160
0.42,4
0.34,5
0.3,18
0.7,348
0.76,330
0.34,316
0.36,76
0.56,202
0.46,286
0.56,407
0.34,167
0.4,410
0.78,640
0.48,237
0.36,148
0.66,201
0.66,608
0.6,143
0.26,15
0.3,46
0.54,52
0.5,284
0.54,352
0.22,40
0.36,308
0.16,37
0.5,100
0.7,127
0.56,6
0.7,628
0.16,38
0.7,8
0.24,78
0.2,2
0.36,115
0.5,142
0.34,23
0.26,69
0.54,32
0.64,357
0.24,125
0.34,208
0.78,22
0.5,790
0.52,137
0.32,21
0.22,50
0.48,328
0.38,8
0.54,455
0.18,27
0.72,380
0.66,686
0.74,25
0.64,69
0.34,140
0.5,35
0.54,218
0.32,23
0.4,176
0.4,3
0.2,109
0.24,2
0.66,29
0.52,90
0.6,163
0.46,114
0.3,103
0.34,159
0.54,313
0.28,2
0.3,46
0.42,27
0.28,530
0.56,328
0.36,281
0.32,4
0.4,135
0.66,66
0.64,103
0.6,653
0.64,531
0.68,129
0.46,256
0.34,9
0.54,70
0.24,103
0.6,176
0.42,8
0.42,93
0.8,351
0.5,169
0.8,423
0.66,32
0.3,53
0.56,87
0.54,11
0.7,478
0.62,311
0.18,2
0.36,27
0.36,372
0.26,105
0.72,343
0.16,25
0.3,26
0.2,4
0.7,266
0.36,190
0.72,215
0.28,149
0.3,11
0.16,37
0.26,4
0.36,108
0.8,522
0.3,20
0.26,202
0.7,214
0.54,273
0.74,169
0.62,20
0.7,280
0.62,10
0.68,225
0.92,689
0.62,463
0.36,375
0.1,3
0.66,237
0.46,195
0.22,35
0.28,156
0.74,878
0.28,154
0.4,144
0.26,44
0.84,373
0.3,293
0.8,562
0.2,17
0.5,176
0.36,33
0.64,7
0.46,1
0.64,441
0.68,90
0.46,343
0.54,4
0.72,376
0.48,196
0.54,131
0.76,90
0.62,27
0.34,21
0.72,138
0.38,4
0.3,64
0.64,167
0.34,91
0.6,306
0.5,424
0.34,40
0.38,21
0.66,433
0.42,55
0.64,31
0.46,430
0.58,21
0.74,51
0.3,106
0.38,378
0.78,305
0.3,222
0.12,51
0.16,74
0.26,5
0.4,817
0.64,4
0.24,12
0.72,139
0.52,281
0.28,63
0.92,313
0.44,332
0.28,18
0.74,214
0.52,377
0.7,152
0.6,14
0.72,267
0.36,18
0.7,25
0.78,501
0.78,467
0.32,256
0.32,693
0.64,298
0.46,22
0.5,395
0.34,6
0.8,201
0.54,16
0.32,4
0.18,170
0.42,223
0.72,221
0.46,211
0.6,415
0.3,3
0.6,98
0.48,468
0.22,31
0.22,48
0.32,74
0.34,5
0.36,259
0.5,482
0.64,195
0.44,46
0.42,540
0.5,306
0.52,235
0.56,342
0.52,943
0.5,184
0.66,248
0.42,465
0.62,105
0.68,8
0.34,13
0.6,91
0.16,77
0.72,148
0.54,69
0.28,19
0.4,136
0.52,261
0.48,65
0.32,86
0.34,100
0.36,96
0.32,27
0.22,163
0.56,323
0.36,238
0.4,114
0.36,7
0.7,380
0.52,18
0.4,178
0.36,108
0.2,54
0.82,259
0.6,232
0.66,3
0.8,186
0.56,15
0.56,61
0.52,178
0.64,192
0.12,17
0.72,316
0.7,141
0.54,474
0.72,151
0.72,106
0.72,517
0.22,3
0.2,1
0.38,158
0.7,138
0.7,167
0.22,54
0.5,238
0.34,116
0.3,211
0.64,25
0.38,140
0.56,228
0.68,426
0.62,448
0.54,12
0.4,91
0.8,484
0.68,138
0.58,409
0.6,238
0.46,5
0.32,142
0.48,361
0.66,121
0.68,453
0.66,383
0.7,264
0.42,134
0.22,35
0.66,426
0.56,219
0.84,483
0.44,12
0.46,64
0.16,7
0.18,11
0.46,110
0.94,215
0.52,154
0.6,76
0.68,75
0.54,292
0.8,368
0.36,680
0.24,190
0.3,96
0.32,275
0.48,67
0.54,151
0.56,170
0.14,40
0.32,88
0.64,66
0.36,320
0.68,82
0.28,138
0.28,42
0.4,136
0.14,49
0.64,233
0.64,614
0.82,383
0.68,115
0.18,8
0.58,5
0.16,65
0.46,71
0.88,119
0.36,4
0.74,277
0.44,7
0.2,149
0.22,4
0.24,69
0.66,175
0.52,251
0.56,211
0.48,421
0.76,381
0.76,145
0.36,24
0.7,303
0.36,187
0.24,69
0.26,124
0.36,11
0.38,28
0.32,273
0.72,225
0.62,39
0.44,135
0.3,45
0.6,66
0.16,136
0.38,86
0.36,182
0.38,224
0.34,37
0.62,80
0.42,132
0.36,89
0.4,311
0.38,126
0.84,126
0.26,1
0.4,112
0.64,402
0.86,281
0.68,252
0.78,172
0.5,48
0.38,20
0.8,188
0.22,24
0.56,377
0.68,150
0.76,412
0.7,185
0.64,393
0.5,334
0.44,140
0.6,213
0.7,344
0.2,267
0.26,37
0.44,109
0.26,76
0.44,141
0.62,428
0.6,37
0.26,22
0.58,308
0.5,69
0.48,19
0.7,87
0.46,238
0.4,208
0.6,276
0.52,335
0.74,624
0.32,289
0.3,96
0.34,6
0.46,31
0.22,112
0.74,209
0.34,6
0.7,180
0.24,6
0.64,4
0.24,22
0.18,65
0.7,41
0.32,116
0.3,2
0.62,20
0.8,367
0.76,151
0.38,49
0.5,418
0.3,26
0.5,10
0.42,185
0.48,285
0.76,676
0.78,361
0.66,852
0.52,188
0.38,411
0.52,152
0.62,205
0.76,288
0.9,216
0.3,6
0.3,55
0.6,124
0.82,150
0.46,58
0.46,2
0.26,118
0.8,531
0.52,16
0.7,41
0.46,225
0.32,16
0.5,105
0.26,368
0.14,15
0.86,155
0.72,206
0.74,4
0.76,307
0.5,46
0.54,3
0.6,732
0.32,32
0.5,375
0.82,315
0.7,27
0.36,147
0.16,110
0.7,229
0.66,805
0.48,58
0.54,10
0.5,34
0.28,8
0.5,414
0.64,199
0.34,9
0.7,623
0.62,246
0.62,815
0.52,5
0.36,86
0.72,410
0.3,6
0.2,50
0.5,595
0.62,105
0.34,44
0.16,2
0.4,218
0.14,60
0.44,18
0.24,249
0.74,16
0.46,232
0.82,116
0.76,123
0.22,12
0.34,240
0.24,197
0.22,41
0.54,683
0.4,204
0.76,570
0.38,29
0.88,615
0.54,178
0.7,171
0.62,724
0.56,192
0.72,478
0.24,98
0.28,311
0.78,172
0.14,30
0.66,150
0.18,73
0.36,12
0.22,158
0.74,234
0.4,70
0.14,24
0.84,244
0.32,165
0.14,24
0.2,26
0.62,690
0.74,320
0.72,221
0.3,24
0.76,413
0.36,280
0.84,195
0.88,489
0.8,283
0.26,12
0.16,63
0.74,34
0.6,187
0.72,229
0.7,713
0.7,267
0.38,36
0.64,16
0.22,41
0.62,175
0.32,72
0.54,63
0.34,85
0.6,251
0.72,894
0.44,143
0.48,134
0.56,151
0.42,186
0.52,192
0.7,97
0.56,283
0.62,302
0.82,534
0.3,27
0.56,148
0.76,185
0.5,839
0.3,69
0.62,131
0.52,32
0.56,193
0.34,153
0.54,121
0.66,13
0.2,59
0.64,323
0.3,7
0.34,25
0.18,120
0.54,18
0.74,416
0.7,291
0.32,2
0.5,180
0.64,177
0.6,36
0.4,36
0.42,24
0.3,53
0.46,5
0.72,265
0.64,285
0.44,194
0.82,374
0.36,138
0.36,31
0.68,148
0.7,18
0.84,468
0.46,189
0.34,62
0.68,637
0.94,115
0.82,416
0.26,2
0.24,3
0.32,147
0.36,156
0.64,335
0.64,202
0.78,410
0.56,193
0.02,1
0.52,55
0.42,283
0.54,224
0.14,3
0.3,86
0.22,7
0.72,164
0.76,430
0.68,96
0.76,170
0.58,421
0.68,5
0.4,68
0.36,44
0.72,125
0.9,275
0.5,104
0.44,157
0.38,133
0.7,467
0.74,404
0.66,6
0.74,315
0.64,195
0.44,162
0.7,487
0.32,89
0.28,691
0.7,366
0.32,6
0.7,734
0.44,138
0.22,2
0.8,327
0.2,33
0.62,46
0.76,177
0.56,401
0.32,42
0.44,4
0.68,172
0.66,580
0.76,42
0.56,188
0.72,228
0.6,466
0.18,59
0.36,99
0.56,220
0.22,219
0.7,643
0.52,169
0.26,113
0.2,37
0.32,299
0.24,14
0.22,6
0.66,563
0.3,47
0.4,412
0.68,246
0.7,380
0.42,507
0.24,2
0.74,645
0.16,275
0.76,130
0.5,53
0.64,140
0.94,197
0.76,266
0.44,100
0.48,13
0.36,10
0.34,119
0.24,9
0.5,62
0.48,135
0.66,36
0.52,200
0.4,130
0.66,351
0.62,3
0.42,8
0.38,692
0.7,6
0.52,139
0.52,287
0.8,360
0.62,369
0.24,4
0.66,448
0.54,238
0.54,251
0.66,21
0.66,140
0.34,150
0.84,489
0.54,128
0.36,64
0.24,18
0.58,24
0.24,11
0.72,558
0.16,48
0.5,258
0.54,147
0.72,288
0.46,273
0.32,323
0.3,126
0.26,44
0.46,269
0.78,251
0.76,288
0.78,10
0.52,132
0.46,168
0.6,25
0.34,63
0.44,7
0.24,252
0.76,373
0.64,21
0.8,43
0.46,692
0.56,766
0.48,182
0.64,217
0.8,676
0.18,78
0.4,302
0.24,7
0.16,157
0.3,141
0.54,211
0.36,92
0.4,16
0.3,181
0.66,783
0.4,349
0.26,152
0.16,83
0.68,4
0.54,213
0.56,208
0.5,211
0.58,8
0.62,33
0.6,40
0.5,328
0.62,51
0.46,269
0.06,21
0.44,508
0.76,322
0.36,32
0.44,99
0.3,77
0.9,159
0.34,6
0.22,15
0.58,127
0.76,266
0.36,7
0.44,464
0.34,89
0.68,328
0.66,82
0.36,4
0.48,38
0.52,60
0.7,399
0.38,186
0.28,5
0.54,125
0.56,138
0.7,151
0.56,6
0.52,89
0.74,235
0.62,1
0.62,5
0.46,654
0.24,45
0.28,126
0.44,219
0.46,123
0.62,442
0.26,5
0.9,175
0.56,274
0.46,301
0.26,59
0.2,139
0.4,6
0.46,520
0.74,337
0.56,43
0.46,99
0.56,90
0.66,290
0.64,170
0.8,261
0.24,26
0.3,137
0.8,292
0.82,375
0.52,78
0.7,77
0.32,107
0.32,3
0.8,265
0.44,232
0.62,104
0.24,5
0.66,12
0.52,131
0.64,181
0.56,656
0.26,93
0.52,204
0.78,240
0.58,69
0.26,95
0.5,639
0.74,366
0.2,43
0.44,56
0.34,198
0.42,420
0.24,3
0.4,214
0.24,28
0.66,15
0.62,147
0.62,95
0.3,66
0.54,9
0.68,350
0.5,167
0.34,86
0.36,107
0.82,300
0.6,322
0.68,6
0.32,18
0.46,272
0.44,172
0.36,287
0.84,180
0.74,38
0.34,124
0.62,6
0.54,364
0.38,256
0.56,87
0.2,3
0.52,454
0.26,58
0.34,410
0.52,50
0.1,13
0.8,767
0.56,156
0.34,123
0.64,14
0.64,28
0.62,288
0.42,10
0.34,182
0.48,408
0.62,119
0.2,39
0.24,95
0.38,24
0.32,164
0.6,33
0.8,290
0.76,189
0.68,28
0.26,363
0.3,8
0.22,28
0.62,482
0.26,120
0.76,224
0.54,2
0.5,729
0.66,524
0.66,102
0.34,180
0.8,491
0.52,210
0.66,65
0.4,493
0.24,4
0.14,10
0.74,299
0.82,280
0.76,176
0.72,302
0.56,6
0.72,171
0.4,6
0.38,4
0.22,2
0.7,6
0.3,173
0.54,110
0.26,208
0.26,14
0.14,87
0.56,6
0.36,43
0.6,8
0.62,209
0.46,270
0.54,94
0.74,221
0.84,164
0.24,109
0.24,50
0.7,315
0.26,56
0.5,8
0.3,132
0.42,321
0.56,23
0.72,223
0.64,225
0.74,680
0.46,226
0.24,183
0.24,1
0.62,6
0.42,17
0.52,298
0.7,4
0.32,19
0.72,359
0.82,145
0.72,337
0.12,103
0.26,103
0.72,8
0.58,229
0.68,479
0.68,277
0.18,3
0.68,386
0.2,74
0.66,77
0.52,557
0.68,184
0.54,333
0.42,56
0.54,251
0.68,24
0.18,93
0.5,281
0.42,34
0.64,116
0.26,39
0.6,622
0.5,5
0.62,229
0.5,119
0.6,416
0.18,6
0.54,225
0.88,499
0.76,397
0.28,25
0.34,324
0.36,75
0.64,212
0.32,10
0.6,284
0.44,384
0.66,642
0.8,496
0.62,686
0.14,1
0.7,298
0.68,603
0.32,31
0.34,98
0.5,49
0.34,173
0.68,336
0.66,363
0.82,240
0.52,148
0.66,36
0.16,112
0.12,3
0.52,455
0.74,331
0.36,171
0.3,4
0.18,1
0.8,371
0.62,6
0.5,111
0.2,4
0.36,23
0.12,31
0.72,67
0.6,22
0.72,284
0.22,83
0.38,140
0.62,253
0.22,197
0.74,350
0.18,53
0.22,40
0.18,64
0.84,212
0.3,159
0.22,60
0.54,542
0.36,42
0.7,482
0.2,57
0.34,137
0.22,84
0.4,299
0.64,179
0.76,276
0.18,88
0.82,258
0.36,64
0.52,223
0.32,125
0.72,13
0.6,380
0.52,56
0.46,300
0.32,19
0.34,253
0.58,5
0.52,256
0.7,291
0.94,156
0.2,58
0.86,336
0.56,192
0.22,205
0.34,383
0.46,301
0.74,333
0.46,306
0.84,457
0.62,8
0.66,868
0.64,356
0.36,4
0.42,24
0.26,193
0.76,210
0.52,708
0.64,151
0.62,179
0.82,843
0.48,66
0.74,667
0.76,284
0.6,122
0.24,15
0.54,147
0.68,32
0.36,3
0.62,8
0.64,5
0.2,104
0.26,58
0.46,232
0.74,410
0.82,665
0.42,14
0.42,497
0.7,358
0.66,360
0.32,439
0.82,309
0.22,57
0.28,70
0.58,2
0.12,6
0.52,392
0.56,585
0.54,472
0.58,410
0.88,339
0.6,14
0.34,120
0.32,601
0.64,30
0.76,236
0.4,50
0.18,39
0.24,9
0.32,5
0.46,341
0.52,41
0.62,315
0.62,262
0.24,55
0.38,92
0.44,300
0.44,36
0.56,27
0.58,5
0.24,60
0.22,80
0.42,745
0.36,110
0.22,32
0.66,147
0.6,283
0.66,270
0.7,204
0.44,7
0.76,192
0.34,203
0.34,278
0.34,7
0.62,26
0.72,428
0.5,535
0.4,562
0.34,6
0.76,160
0.16,176
0.6,565
0.62,246
0.62,14
0.4,48
0.7,204
0.3,150
0.72,578
0.34,16
0.92,454
0.24,1
0.88,272
0.24,70
0.62,11
0.5,116
0.62,119
0.3,176
0.7,263
0.4,344
0.3,163
0.24,5
0.66,186
0.62,713
0.22,49
0.62,220
0.56,711
0.32,178
0.2,5
0.52,23
0.6,686
0.5,35
0.72,5
0.26,16
0.72,483
0.72,216
0.2,66
0.62,10
0.4,54
0.3,4
0.4,90
0.64,4
0.3,387
0.72,92
0.42,8
0.32,10
0.66,254
0.52,346
0.78,230
0.48,152
0.24,5
0.6,305
0.3,41
0.4,294
0.2,9
0.42,289
0.54,27
0.4,206
0.34,133
0.72,162
0.74,465
0.84,182
0.3,24
0.58,468
0.66,14
0.14,161
0.78,594
0.6,338
0.54,206
0.58,7
0.7,186
0.7,502
0.7,73
0.38,315
0.64,115
0.7,181
0.36,103
0.5,731
0.52,75
0.5,224
0.44,94
0.4,75
0.6,17
0.64,153
0.34,154
0.6,309
0.9,607
0.32,8
0.56,195
0.74,513
0.44,78
0.66,165
0.34,2
0.64,321
0.64,124
0.52,12
0.6,723
0.76,635
0.78,378
0.36,85
0.48,135
0.44,408
0.46,182
0.6,121
0.3,143
0.2,4
0.6,323
0.48,265
0.54,14
0.3,94
0.3,177
0.44,108
0.2,62
0.36,167
0.5,649
0.46,250
0.38,94
0.28,170
0.4,67
0.64,52
0.86,495
0.26,5
0.4,61
0.36,77
0.6,328
0.46,31
0.48,21
0.42,458
0.8,165
0.62,141
0.74,183
0.34,457
0.42,122
0.28,4
0.64,169
0.38,45
0.22,130
0.32,51
0.62,188
0.72,288
0.16,2
0.86,331
0.54,89
0.74,400
0.62,4
0.26,29
0.38,103
0.3,111
0.4,678
0.62,21
0.44,359
0.42,505
0.52,440
0.64,46
0.66,28
0.6,43
0.12,5
0.6,336
0.7,29
0.52,9
0.6,107
0.48,462
0.1,417
0.7,428
0.52,491
0.64,10
0.42,198
0.3,23
0.8,174
0.32,233
0.64,179
0.92,389
0.3,228
0.18,61
0.54,154
0.56,95
0.72,374
0.8,181
0.72,522
0.66,270
0.16,72
0.4,241
0.68,129
0.62,224
0.42,185
0.24,5
0.34,216
0.56,10
0.24,4
0.5,28
0.26,40
0.34,152
0.26,282
0.72,286
0.72,40
0.44,164
0.46,18
0.82,217
0.22,244
0.74,256
0.34,4
0.52,202
0.6,10
0.26,31
0.44,168
0.44,157
0.16,33
0.68,5
0.2,5
0.26,28
0.7,33
0.4,151
0.34,248
0.6,87
0.6,271
0.36,154
0.32,82
0.7,146
0.4,171
0.74,390
0.5,72
0.7,379
0.52,226
0.62,604
0.5,220
0.2,1
0.3,66
0.22,2
0.24,12
0.56,64
0.62,30
0.76,827
0.38,72
0.34,114
0.54,153
0.3,87
0.84,174
0.38,76
0.24,28
0.84,159
0.46,50
0.52,3
0.5,149
0.62,205
0.16,96
0.62,498
0.62,299
0.5,51
0.5,32
0.4,360
0.42,163
0.16,444
0.22,55
0.76,596
0.4,194
0.54,28
0.52,135
0.26,110
0.56,10
0.56,35
0.5,413
0.46,225
0.68,283
0.4,4
0.52,14
0.56,5
0.4,326
0.74,386
0.74,47
0.56,357
0.24,42
0.82,367
0.76,677
0.76,12
0.62,693
0.74,307
0.56,8
0.72,155
0.32,154
0.32,456
0.32,1
0.46,8
0.26,191
0.52,367
0.4,423
0.86,350
0.34,118
0.9,284
0.24,143
0.24,276
0.7,264
0.56,17
0.3,314
0.46,12
0.62,122
0.74,567
0.62,87
0.28,250
0.72,229
0.44,503
0.88,362
0.72,131
0.24,26
0.36,173
0.44,229
0.58,384
0.34,7
0.54,329
0.52,81
0.42,29
0.42,26
0.46,326
0.6,125
0.52,100
0.24,94
0.22,101
0.4,96
0.5,232
0.74,47
0.32,189
0.62,314
0.78,267
0.32,85
0.18,101
0.5,140
0.84,263
0.86,169
0.3,169
0.78,447
0.58,362
0.76,110
0.86,147
0.66,754
0.92,414
0.7,198
0.48,306
0.6,9
0.56,231
0.22,3
0.4,495
0.64,391
0.64,3
0.74,396
0.38,19
0.74,6
0.48,66
0.14,235
0.5,321
0.84,171
0.74,482
0.22,56
0.8,835
0.66,277
0.42,95
0.1,28
0.64,28
0.3,84
0.42,224
0.12,26
0.6,480
0.86,162
0.42,50
0.34,92
0.42,113
0.34,198
0.48,126
0.02,59
0.44,623
0.2,17
0.32,24
0.44,86
0.42,129
0.7,12
0.74,199
0.52,8
0.66,421
0.34,334
0.82,668
0.48,492
0.68,139
0.92,381
0.56,119
0.16,116
0.32,98
0.22,115
0.56,7
0.56,77
0.4,436
0.56,324
0.54,217
0.74,315
0.5,185
0.44,44
0.6,382
0.64,165
0.46,3
0.24,169
0.8,113
0.52,204
0.54,311
0.74,196
0.66,82
0.34,16
0.36,148
0.48,342
0.36,731
0.4,234
0.36,146
0.66,270
0.76,17
0.5,168
0.64,10
0.32,157
0.44,6
0.52,428
0.6,260
0.4,150
0.58,94
0.3,25
0.56,12
0.5,5
0.2,65
0.2,17
0.44,291
0.72,5
0.28,34
0.74,88
0.86,148
0.34,2
0.66,139
0.46,5
0.62,119
0.46,170
0.54,135
0.54,3
0.62,301
0.28,71
0.7,226
0.34,120
0.24,15
0.68,152
0.66,287
0.26,93
0.34,181
0.2,44
0.14,55
0.64,90
0.62,113
0.54,6
0.6,390
0.36,11
0.42,95
0.7,289
0.72,145
0.76,382
0.6,189
0.32,59
0.38,272
0.58,8
0.72,3
0.38,417
0.58,234
0.36,326
0.82,197
0.52,168
0.52,151
0.3,118
0.6,263
0.64,176
0.24,129
0.22,90
0.38,17
0.66,38
0.36,171
0.66,759
0.26,63
0.56,319
0.36,233
0.6,362
0.5,52
0.76,487
0.88,492
0.18,57
0.54,107
0.54,9
0.36,520
0.56,22
0.46,64
0.64,7
0.62,7
0.5,208
0.3,55
0.84,365
0.5,125
0.54,83
0.26,55
0.04,12
0.46,82
0.54,7
0.88,176
0.36,17
0.22,39
0.3,26
0.46,13
0.76,264
0.36,358
0.44,18
0.4,347
0.62,286
0.4,3
0.56,272
0.36,57
0.26,7
0.32,84
0.22,10
0.66,282
0.46,269
0.46,177
0.68,6
0.5,13
0.66,4
0.32,38
0.12,36
0.24,62
0.5,369
0.7,101
0.9,409
0.48,112
0.66,264
0.34,103
0.6,151
0.26,126
0.04,7
0.3,5
0.38,37
0.72,468
0.52,372
0.22,6
0.26,77
0.28,94
0.52,691
0.3,24
0.46,244
0.38,154
0.74,143
0.42,79
0.72,224
0.22,8
0.8,504
0.8,479
0.16,41
0.34,19
0.66,684
0.32,220
0.9,133
0.64,274
0.3,1
0.38,177
0.64,317
0.74,500
0.3,93
0.56,203
0.84,337
0.24,46
0.32,47
0.24,43
0.84,207
0.44,138
0.74,488
0.56,30
0.4,308
0.34,189
0.32,55
0.7,9
0.64,219
0.26,34
0.74,274
0.78,292
0.14,99
0.3,3
0.82,190
0.46,53
0.44,33
0.4,141
0.44,112
0.64,122
0.72,110
0.56,120
0.16,44
0.52,182
0.32,687
0.8,435
0.56,238
0.84,341
0.32,33
0.38,3
0.34,112
0.8,465
0.42,349
0.54,297
0.6,65
0.64,9
0.3,6
0.64,586
0.44,417
0.66,28
0.56,703
0.2,254
0.2,91
0.46,126
0.32,53
0.58,8
0.52,28
0.26,33
0.12,123
0.54,40
0.24,226
0.44,23
0.66,11
0.28,178
0.34,20
0.64,237
0.72,298
0.72,231
0.52,283
0.66,131
0.34,665
0.6,181
0.32,30
0.42,234
0.1,216
0.64,6
0.76,202
0.64,187
0.06,64
0.9,249
0.32,7
0.42,137
0.26,273
0.8,173
0.3,123
0.54,525
0.34,2
0.6,366
0.3,97
0.36,278
0.8,274
0.68,21
0.18,1
0.32,136
0.8,297
0.78,245
0.26,243
0.22,237
0.52,12
0.48,178
0.68,211
0.56,5
0.34,68
0.7,7
0.66,241
0.24,97
0.22,71
0.76,498
0.88,527
0.52,138
0.78,169
0.32,76
0.34,18
0.7,173
0.76,237
0.56,328
0.4,234
0.2,79
0.4,222
0.24,638
0.48,8
0.82,154
0.76,872
0.36,202
0.5,48
0.64,559
0.12,50
0.66,86
0.62,310
0.3,6
0.44,184
0.3,51
0.54,283
0.22,10
0.42,292
0.5,6
0.7,127
0.56,3
0.74,652
0.26,26
0.22,48
0.38,52
0.62,243
0.54,423
0.62,374
0.56,4
0.72,322
0.56,776
0.42,284
0.56,41
0.38,156
0.28,11
0.5,11
0.34,3
0.42,221
0.66,159
0.46,18
0.3,11
0.6,130
0.8,216
0.46,515
0.5,491
0.56,665
0.32,65
0.72,317
0.66,116
0.58,8
0.7,381
0.8,203
0.54,230
0.5,143
0.38,153
0.74,277
0.38,79
0.72,305
0.64,131
0.52,315
0.36,580
0.46,141
0.46,190
0.56,234
0.34,219
0.58,6
0.46,53
0.14,154
0.72,616
0.3,14
0.2,51
0.32,11
0.24,135
0.64,7
0.64,648
0.74,150
0.38,314
0.66,300
0.3,142
0.48,40
0.16,19
0.52,884
0.96,169
0.26,16
0.12,1
0.66,75
0.72,311
0.34,15
0.52,233
0.64,93
0.7,305
0.46,433
0.36,11
0.24,104
0.66,431
0.52,96
0.64,154
0.94,123
0.32,128
0.42,560
0.66,121
0.42,140
0.8,271
0.26,183
0.58,194
0.32,404
0.6,253
0.62,183
0.16,179
0.34,233
0.9,241
0.6,200
0.46,14
0.48,90
0.44,124
0.7,181
0.62,922
0.88,263
0.2,1
0.4,592
0.38,162
0.46,449
0.38,104
0.2,428
0.26,235
0.72,628
0.6,213
0.7,402
0.6,680
0.36,168
0.72,153
0.48,18
0.76,468
0.48,89
0.56,494
0.24,41
0.18,34
0.28,27
0.24,124
0.72,407
0.4,120
0.68,198
0.3,48
0.14,21
0.22,74
0.3,8
0.46,94
0.42,121
0.7,257
0.22,5
0.46,247
0.58,65
0.72,590
0.66,175
0.26,17
0.48,165
0.28,30
0.24,66
0.36,155
0.8,176
0.46,7
0.7,326
0.42,13
0.38,159
0.38,88
0.34,219
0.7,68
0.26,149
0.5,163
0.26,7
0.58,1
0.04,33
0.56,612
0.46,664
0.44,14
0.42,221
0.64,42
0.64,260
0.66,9
0.6,330
0.22,89
0.26,135
0.66,128
0.36,114
0.74,514
0.7,567
0.64,198
0.3,263
0.66,109
0.42,134
0.4,228
0.56,297
0.56,558
0.38,163
0.24,167
0.24,385
0.74,263
0.68,109
0.46,205
0.72,5
0.5,58
0.44,12
0.18,17
0.44,605
0.7,89
0.74,160
0.46,117
0.1,7
0.34,118
0.72,31
0.56,201
0.68,43
0.44,224
0.76,329
0.22,167
0.4,9
0.46,17
0.74,498
0.7,39
0.7,227
0.84,551
0.92,413
0.7,306
0.5,234
0.18,12
0.66,967
0.6,11
0.74,394
0.22,4
0.78,245
0.4,170
0.16,37
0.54,361
0.2,13
0.38,238
0.7,639
0.32,77
0.32,7
0.44,137
0.36,242
0.5,319
0.78,287
0.7,373
0.64,420
0.32,153
0.56,343
0.56,40
0.14,84
0.74,7
0.7,517
0.8,382
0.32,224
0.44,470
0.46,362
0.6,300
0.92,287
0.36,109
0.42,134
0.28,246
0.68,172
0.5,11
0.66,496
0.32,50
0.64,439
0.6,36
0.88,617
0.5,114
0.8,837
0.82,127
0.58,449
0.42,42
0.48,23
0.58,66
0.44,35
0.82,365
0.38,135
0.54,173
0.36,446
0.24,5
0.72,343
0.32,10
0.5,155
0.28,89
0.4,308
0.56,5
0.34,386
0.6,35
0.32,93
0.74,582
0.32,136
0.28,84
0.46,837
0.5,637
0.64,194
0.9,319
0.24,33
0.42,2
0.68,32
0.52,17
0.44,109
0.3,92
0.24,100
0.18,1
0.76,522
0.52,130
0.24,257
0.62,20
0.58,304
0.36,84
0.62,375
0.6,442
0.4,204
0.6,6
0.58,378
0.66,447
0.72,11
0.54,2
0.2,12
0.64,26
0.36,10
0.22,149
0.3,3
0.46,246
0.4,27
0.7,142
0.62,6
0.54,154
0.8,414
0.24,6
0.74,145
0.72,360
0.36,27
0.62,83
0.72,824
0.72,195
0.22,3
0.7,171
0.42,25
0.36,12
0.7,180
0.22,52
0.62,680
0.6,263
0.42,450
0.84,231
0.24,52
0.28,85
0.72,542
0.7,203
0.7,315
0.3,75
0.78,209
0.74,362
0.68,6
0.46,259
0.62,404
0.74,591
0.66,19
0.74,489
0.66,274
0.52,372
0.46,11
0.6,712
0.78,191
0.44,50
0.3,65
0.54,615
0.44,33
0.64,65
0.84,794
0.32,3
0.36,240
0.26,64
0.36,438
0.72,140
0.74,303
0.34,175
0.6,565
0.62,52
0.14,8
0.38,311
0.7,218
0.82,322
0.66,92
0.7,601
0.34,8
0.86,146
0.14,35
0.42,137
0.36,30
0.56,347
0.4,56
0.32,140
0.3,140
0.4,101
0.62,254
0.24,8
0.76,410
0.52,439
0.42,116
0.52,179
0.24,49
0.4,1
0.2,2
0.4,1
0.14,75
0.66,212
0.56,79
0.68,156
0.82,437
0.18,8
0.86,197
0.34,127
0.2,448
0.82,146
0.7,134
0.7,210
0.66,15
0.34,2
0.28,551
0.4,29
0.22,3
0.58,337
0.52,317
0.86,106
0.16,47
0.44,124
0.46,48
0.5,28
0.54,172
0.4,17
0.14,1
0.72,128
0.48,220
0.82,505
0.62,596
0.56,391
0.54,702
0.46,233
0.24,224
0.66,24
0.5,89
0.2,142
0.5,5
0.26,344
0.74,459
0.84,497
0.44,167
0.24,28
0.44,759
0.6,16
0.54,96
0.48,606
0.66,140
0.54,757
0.36,144
0.76,643
0.72,249
0.5,126
0.56,26
0.64,74
0.66,436
0.32,124
0.34,457
0.94,239
0.58,11
0.38,173
0.4,309
0.86,97
0.5,481
0.16,110
0.68,389
0.34,1
0.3,2
0.5,419
0.4,282
0.62,10
0.38,445
0.3,111
0.3,84
0.66,39
0.28,99
0.78,818
0.66,398
0.62,13
0.62,43
0.42,58
0.58,195
0.14,17
0.64,101
0.32,161
0.7,134
0.8,602
0.4,199
0.7,92
0.26,92
0.6,397
0.62,9
0.74,796
0.4,507
0.16,6
0.32,138
0.4,6
0.32,3
0.48,203
0.48,301
0.54,18
0.24,20
0.54,36
0.22,2
0.64,211
0.64,75
0.58,516
0.72,736
0.62,61
0.46,24
0.22,36
0.32,51
0.52,243
0.54,610
0.36,212
0.4,191
0.7,60
0.54,180
0.5,34
0.22,83
0.66,13
0.6,111
0.66,536
0.52,23
0.26,4
0.62,14
0.72,499
0.58,39
0.4,75
0.74,6
0.66,171
0.72,388
0.76,552
0.52,324
0.46,151
0.82,585
0.52,223
0.24,149
0.36,189
0.72,347
0.44,35
0.32,171
0.54,243
0.74,66
0.62,93
0.56,78
0.74,73
0.82,255
0.34,198
0.76,186
0.48,412
0.76,156
0.8,342
0.3,262
0.42,42
0.34,42
0.46,131
0.32,540
0.64,223
0.64,834
0.3,157
0.52,405
0.64,277
0.18,30
0.6,106
0.26,98
0.96,421
0.22,54
0.36,187
0.5,44
0.72,8
0.7,47
0.14,220
0.68,209
0.44,53
0.72,404
0.78,145
0.58,948
0.46,339
0.24,447
0.28,16
0.8,165
0.36,137
0.68,56
0.72,148
0.6,800
0.72,456
0.34,157
0.9,338
0.42,7
0.66,12
0.42,417
0.32,283
0.2,40
0.44,5
0.64,395
0.6,8
0.54,17
0.4,181
0.22,18
0.74,204
0.68,39
0.66,586
0.26,119
0.82,346
0.4,4
0.44,251
0.42,21
0.82,324
0.24,17
0.5,169
0.24,13
0.38,245
0.6,125
0.26,122
0.84,151
0.62,722
0.62,6
0.46,11
0.52,279
0.4,452
0.42,456
0.66,553
0.2,52
0.66,160
0.64,275
0.6,9
0.22,3
0.44,6
0.26,73
0.36,4
0.46,210
0.68,274
0.64,98
0.36,1
0.32,1
0.4,89
0.76,493
0.4,159
0.62,133
0.66,42
0.56,19
0.48,223
0.64,244
0.66,314
0.34,287
0.44,20
0.5,35
0.54,750
0.26,243
0.46,590
0.22,111
0.64,419
0.52,421
0.2,493
0.54,269
0.3,76
0.24,70
0.42,33
0.24,90
0.72,150
0.34,126
0.36,7
0.56,289
0.78,584
0.6,10
0.52,354
0.44,15
0.64,331
0.58,120
0.52,137
0.68,301
0.32,56
0.2,49
0.28,96
0.48,494
0.92,389
0.32,12
0.78,392
0.66,121
0.44,154
0.34,160
0.3,482
0.46,6
0.7,480
0.62,411
0.5,19
0.8,358
0.82,541
0.6,63
0.46,354
0.74,189
0.46,20
0.32,207
0.2,15
0.66,248
0.62,2
0.54,123
0.62,313
0.32,1
0.22,88
0.4,15
0.22,5
0.52,31
0.5,162
0.66,45
0.62,323
0.02,152
0.5,615
0.52,276
0.72,305
0.36,141
0.7,154
0.46,237
0.7,62
0.76,139
0.6,8
0.7,565
0.56,267
0.22,2
0.58,392
0.62,195
0.26,191
0.26,86
0.52,432
0.64,61
0.6,15
0.72,626
0.34,224
0.76,552
0.78,190
0.44,257
0.64,437
0.56,36
0.64,239
0.6,316
0.72,884
0.4,14
0.64,215
0.42,644
0.42,230
0.54,353
0.62,486
0.6,462
0.8,398
0.34,5
0.64,362
0.56,15
0.38,16
0.54,230
0.62,26
0.3,116
0.68,521
0.58,377
0.26,90
0.5,172
0.26,197
0.52,248
0.32,217
0.36,2
0.76,115
0.42,200
0.22,31
0.62,405
0.78,251
0.18,277
0.44,86
0.64,302
0.44,368
0.72,90
0.44,469
0.24,119
0.32,418
0.86,489
0.28,1
0.62,95
0.46,131
0.32,63
0.24,12
0.54,58
0.3,177
0.82,169
0.54,71
0.42,70
0.56,288
0.32,114
0.62,5
0.32,19
0.62,5
0.66,119
0.24,71
0.54,56
0.6,297
0.22,4
0.18,34
0.62,9
0.44,174
0.56,236
0.82,104
0.66,17
0.54,216
0.32,11
0.5,750
0.6,47
0.7,121
0.4,13
0.62,158
0.2,164
0.86,275
0.72,53
0.66,547
0.6,24
0.64,179
0.34,559
0.14,23
0.36,149
0.7,760
0.26,67
0.32,16
0.2,35
0.46,159
0.6,388
0.56,48
0.74,372
0.74,526
0.2,34
0.5,51
0.38,187
0.34,8
0.68,145
0.34,71
0.26,51
0.56,17
0.4,5
0.6,251
0.6,102
0.24,271
0.72,218
0.62,446
0.72,391
0.82,147
0.54,371
0.5,167
0.54,271
0.64,332
0.64,108
0.3,130
0.28,29
0.56,518
0.6,161
0.44,379
0.36,582
0.48,74
0.3,242
0.64,118
0.46,117
0.52,218
0.82,579
0.22,58
0.76,402
0.54,103
0.58,37
0.1,21
0.62,8
0.48,43
0.56,124
0.14,18
0.76,280
0.58,4
0.66,570
0.56,14
0.76,599
0.6,244
0.6,73
0.7,349
0.64,289
0.22,57
0.32,209
0.76,207
0.5,257
0.6,850
0.42,30
0.52,33
0.5,7
0.46,174
0.2,164
0.42,170
0.2,5
0.62,263
0.24,99
0.4,30
0.36,6
0.34,154
0.4,30
0.1,8
0.66,259
0.34,329
0.22,51
0.48,197
0.6,17
0.82,297
0.42,99
0.14,117
0.66,113
0.36,25
0.76,513
0.56,6
0.7,424
0.36,47
0.2,69
0.56,114
0.54,216
0.52,272
